track_id,area,cv,nnrm,disappeared,predicted_prob,predicted_class
0,1070,0.5403128674309422,0.05557679627656667,True,0.7589445458931807,True
1,1136,0.38548345500465936,0.05505595811252573,True,0.6788683570306946,True
2,718,0.6210345610015265,0.13676999048005084,True,0.896724229253732,True
3,932,0.3876506569689054,0.07027829781583572,False,0.7933368530425758,True
4,1281,0.4632594292826732,0.09732475189734968,True,0.6163494239779247,True
5,768,0.39245953931436284,0.043626869595829926,True,0.8471592915575582,True
6,1069,0.4726834487723889,0.04701804204002852,True,0.7410653203455526,True
7,830,0.37639928450050353,0.09446143202192403,True,0.8182551115667575,True
8,1006,0.36274912152505834,0.08279937241011814,True,0.738350444258512,True
9,825,0.5210835070124382,0.11153251907281686,True,0.8520209175146893,True
11,1068,0.5711119589812691,0.10606616473168151,False,0.7824931673892795,True
12,1008,0.5430571369189441,0.11804081760427432,False,0.7981236548982915,True
13,837,0.5090162068801347,0.1414246276244307,True,0.8403042398812738,True
14,780,0.23672881903444074,0.05171591941918774,True,0.8027539494160126,True
15,1600,0.44492620705771946,0.09670558383506989,True,0.3718373579622395,False
17,1011,0.5887349017840389,0.12976575616699831,False,0.81287949695532,True
19,780,0.6257598409362952,0.12015183030105969,True,0.8831756310815241,True
20,994,0.3467418451918733,0.06362587519729829,True,0.7413351716716651,True
21,958,0.40686889323081266,0.09158878063924736,False,0.7837086040318222,True
22,1203,0.5733080216682629,0.10757850120706752,True,0.7012879614691178,True
23,1056,0.46688983449225807,0.08810514039897038,True,0.748198637008499,True
24,972,0.5267327867315926,0.08012338744064468,True,0.8020450806812884,True
25,1151,0.40355699922645183,0.05614521015108287,True,0.6769003320366964,True
27,1012,0.4205380255355002,0.10047199840824089,False,0.7635579497605166,True
28,685,0.4266798906301819,0.06836390592879721,True,0.8784818300813083,True
30,851,0.38114222093674544,0.11138099719943029,True,0.8077115719761738,True
31,754,0.45872779642020595,0.0920366892189789,True,0.8634472409274118,True
32,922,0.40193895367599525,0.08549026447971098,True,0.7899351585542566,True
33,735,0.42551029800502566,0.05928472050703193,True,0.8642529815562188,True
34,939,0.6035751016241832,0.13107433626541476,True,0.8278674042800646,True
35,882,0.3733241354224449,0.09014050931307072,True,0.797426900672637,True
36,1187,0.4194968683783263,0.11061283714463244,True,0.6506409284836818,True
37,1324,0.5015929851369648,0.08655442867967528,True,0.6052026946816443,True
38,927,0.7877685816129232,0.17696855527323396,True,0.8612270975841824,True
40,1294,0.42894084818189593,0.13119201620243182,True,0.5665557094116027,True
41,922,0.5267765792482805,0.1133241379670108,True,0.819091735585443,True
42,797,0.773295905810969,0.17753987150378014,True,0.895624340069692,True
43,1272,0.41130819942798696,0.0916068101482278,True,0.6004499924726714,True
44,1150,0.5749617328497756,0.0992067790483947,False,0.7490661766211331,True
45,789,0.7031718310639042,0.16188762848789406,True,0.8890901528073314,True
46,1041,0.3726619571982901,0.057365397973039856,True,0.7267034856270279,True
47,659,0.37540580695001524,0.08349146133666252,True,0.875340066193239,True
49,735,0.3422265898139312,0.09212961779463258,True,0.8437255658925125,True
50,1150,0.5309264264481911,0.10199359648025441,True,0.7180635247947758,True
51,946,0.36326718383315243,0.061582792076894544,False,0.7846014690175743,True
52,633,0.37961344573418576,0.07344954276540672,True,0.8838155121398603,True
53,745,0.6914818421111015,0.1404393940412666,True,0.9000971810638214,True
54,1026,0.5204631975065033,0.09738962622828912,True,0.7764735546600896,True
55,823,0.5341681721819271,0.10766018666515631,False,0.8639375394233915,True
56,810,0.414905750595251,0.07423636995280175,True,0.8374277303330208,True
57,793,0.6746324136004939,0.10517216063213125,True,0.8877182084779657,True
58,1115,0.40466498867892736,0.07313895276740412,False,0.7101740377748109,True
59,864,0.3226840586613222,0.09010088890416323,True,0.7887682655448677,True
60,894,0.4628272539974507,0.10232618633046398,True,0.8156572669583173,True
61,1038,0.3275067090194219,0.0925946171462968,True,0.7036557235418623,True
62,713,0.30863260404543147,0.057492315285107676,True,0.8468455189809537,True
63,763,0.4558032404044629,0.07486580126936493,True,0.8611531096424492,True
64,1093,0.5178217588510226,0.12695218214466725,False,0.7573557049307783,True
65,713,0.40963800668851236,0.08365328752735307,True,0.8666066178322422,True
66,1055,0.4843602265424139,0.10493595943954137,False,0.7591395628445984,True
67,1104,0.5597967250819195,0.1100944631877051,False,0.761710736312419,True
68,1145,0.522814791897543,0.10002286797645443,True,0.7184733906017163,True
69,720,0.42828946632509624,0.09738389722422525,True,0.8670393438877663,True
70,1094,0.5025681833136132,0.09774887198511001,False,0.7466998256427935,True
71,1064,0.4899698374566317,0.09035548226765733,True,0.7510310892630286,True
72,718,0.6025760858830075,0.13400333357254474,True,0.8942121646348535,True
73,1080,0.45289290114525405,0.07337220094920166,True,0.7328329263458526,True
75,1003,0.3493515716389444,0.07191707603213104,True,0.7368308470865164,True
76,738,0.3571031075646028,0.07209712926744138,False,0.8630810387730324,True
77,1071,0.407729223904822,0.062049104548831335,False,0.7378460514738767,True
78,1215,0.5081693400195237,0.08482752876909988,True,0.6759071315045904,True
79,767,0.5979381395596505,0.06207355178547408,True,0.8833805179129388,True
80,864,0.4066545999759885,0.06998451575946169,True,0.8160254964110519,True
81,709,0.5407417237452097,0.10366126996345976,True,0.8892021013839423,True
82,800,0.4261498202976858,0.0803023492170104,True,0.8429643443276044,True
84,1056,0.4802270469569562,0.08870670927937008,True,0.7521716056633732,True
85,507,0.4198986898225317,0.07372620529442209,True,0.9181119571827376,True
86,878,0.45164020521140796,0.07530120685459496,True,0.8213828673256911,True
87,1045,0.43356546666917406,0.05718287399851946,False,0.7629163476530137,True
88,1137,0.45297821624976503,0.09427884315496526,True,0.7002852698141431,True
89,766,0.49881548304371154,0.0687156675567292,True,0.8681898276565444,True
90,893,0.5332141796248936,0.08473075242165629,True,0.8334921566051453,True
91,822,0.5022080298392235,0.07635103515192054,True,0.8515303866690667,True
92,1131,0.49707411392287293,0.11739206136953867,True,0.7129565978093899,True
93,828,0.5471598575433572,0.09904327520127021,True,0.8572381476344889,True
94,945,0.5118151574672811,0.11405783098523892,True,0.8062389578768575,True
95,1122,0.506687484871445,0.09682003961726843,False,0.7350749042781347,True
96,884,0.47005135293295613,0.07934048604794508,True,0.8232446445600017,True
97,961,0.4886482308131254,0.09318721557931636,True,0.7967025691183589,True
98,1158,0.40129897414265536,0.07966423112177162,False,0.6856443236078226,True
99,994,0.5042243432187671,0.09445311824169772,True,0.7865990555015163,True
100,1273,0.5194589325138553,0.10708451484223325,True,0.6411358169729077,True
101,848,0.6419514961335879,0.13496799406929616,True,0.8654537722620399,True
102,924,0.4918718338583617,0.10901150055139724,True,0.81032336496269,True
103,942,0.5215872836557328,0.09998985163897423,True,0.8117969439312315,True
104,1072,0.4860379672977199,0.08724981899849682,True,0.7462238987946803,True
105,808,0.48637545239044444,0.0953821226157997,True,0.8519852108550926,True
106,815,0.6711905570119064,0.13432936940644485,True,0.8799065863735018,True
107,1066,0.42628407824218545,0.0732254637636991,True,0.7314350266794237,True
108,584,0.3262929092502831,0.10172460758724988,True,0.884100473381022,True
109,626,0.5442215439943284,0.09333981239608058,True,0.9092550918247037,True
110,913,0.7576186891876184,0.16781769325769252,True,0.8617156285743994,True
111,1042,0.5127342797428338,0.11739327258359122,True,0.7634936132066809,True
113,1081,0.4672472440400648,0.0922409135504727,True,0.7353374993858179,True
114,1091,0.5448998373725327,0.11468380418291002,True,0.7503262333391474,True
115,1261,0.5747003872455488,0.10358083343501973,True,0.6683743279823705,True
116,587,0.408203068288226,0.08339419456495734,True,0.8992209542475619,True
117,867,0.4637584113439679,0.10354420962852023,True,0.8258567687652716,True
118,833,0.32744348074936297,0.06846941905847592,True,0.8068427198469333,True
119,876,0.542330438324151,0.1179847201261765,True,0.8387182177986185,True
120,728,0.44475013054417734,0.06731074971135342,True,0.8696901137563795,True
121,633,0.5213995916459452,0.14472427920256387,True,0.900712127737868,True
122,966,0.43927472995494243,0.09299536626948746,False,0.7869084428170399,True
123,966,0.6023184194409094,0.12784381857197924,True,0.8178881792276078,True
125,1302,0.5882770601551423,0.08109564119348439,True,0.6458490086859211,True
126,710,0.31086668996098915,0.03825362563159074,True,0.848866872947113,True
127,1067,0.45856201673963454,0.08656383157482184,False,0.7467713983139349,True
128,986,0.5216033045675645,0.08892122979302985,True,0.7947829084948991,True
129,698,0.5121509561028301,0.09891760214947237,True,0.8878286952915924,True
130,1199,0.44054535707397646,0.07701791068650418,False,0.6769803611000996,True
131,953,0.5411492737225707,0.13608292564055474,True,0.8060472571435826,True
132,1166,0.3996835827642512,0.05150386885014163,True,0.6660139941208109,True
134,771,0.40145458041118626,0.0885826676225393,True,0.8463497783306685,True
135,958,0.4175727529572621,0.06176344844946144,True,0.7804123394421327,True
136,689,0.19107666275447022,0.1182934578873659,True,0.805187957745318,True
137,908,0.5601902751094329,0.12202927686394827,False,0.8419481270253215,True
138,1044,0.37757454655677414,0.06868901970528679,True,0.7264554645656629,True
139,1496,0.48942802836837024,0.0701096340474705,True,0.47632287352491776,False
140,830,0.45549904958200804,0.08012024267181661,True,0.8392200732403019,True
142,1203,0.5246724263513759,0.10128462248802644,False,0.7014411307554427,True
143,1035,0.47417748404015075,0.08277618966641387,True,0.7608656124557931,True
144,912,0.6404211514182748,0.13105322481405868,True,0.8451585623098016,True
145,789,0.5650979836225769,0.15052214817342258,True,0.8663980093154017,True
146,810,0.36669291906254176,0.05546965219986183,True,0.8268659753077328,True
147,881,0.616773092240997,0.10666906203745813,True,0.8528709827902302,True
148,1549,0.45906117362560833,0.07849841382825162,True,0.424769585446409,False
149,642,0.3433211579150742,0.04010817926608207,True,0.8760310188949888,True
150,1119,0.5925958346096626,0.09941919810887839,True,0.7516159033900991,True
151,605,0.8986019781725806,0.19328175993779845,True,0.944841758459782,True
152,894,0.5675955385232032,0.10961871763302455,True,0.838787691216703,True
153,746,0.39337610099118264,0.08756529869286123,True,0.8527634157544542,True
155,532,0.4130872796877272,0.08388997767854156,True,0.9118311326680532,True
156,672,0.3608924423484428,0.03871409347124899,True,0.8707106160296257,True
157,1110,0.5587243079521262,0.12227909294643191,False,0.7597061755772655,True
158,736,0.5556100696324845,0.10862464586418785,True,0.8843565589603768,True
159,1191,0.47556158491122424,0.08704599793089579,True,0.6789191608344435,True
160,1131,0.5254277558338444,0.09633458301519354,True,0.7271213232331644,True
161,1593,0.4149214096158575,0.06963618307167396,True,0.3714039849392061,False
162,800,0.49985870396023047,0.13163846880722635,False,0.8696689337114036,True
163,1245,0.49480936469124237,0.10534478449453955,True,0.6498989984470178,True
164,844,0.46312827793773537,0.08435707894261413,True,0.835803864970166,True
165,1002,0.4053120955061474,0.07685132400722494,False,0.7643675664367706,True
166,476,0.29411363025327303,0.03616377987554151,True,0.9088089917439107,True
167,820,0.43600808976329536,0.11866190600430293,True,0.8332462612244586,True
168,905,0.4798328111003182,0.10874735729287932,True,0.8146851100875293,True
169,947,0.49514580940387537,0.10051219931148697,True,0.8032269400401464,True
170,1001,0.49869419618700866,0.10275203485075496,False,0.7870692282068491,True
171,861,0.4872132314962601,0.06899114530400557,True,0.8354597989260811,True
172,905,0.48138580565721184,0.06529969194162455,True,0.8180213057077143,True
173,639,0.6628765525123438,0.1294057354420649,True,0.9194775253354669,True
174,1208,0.45755842162593346,0.08780783395554381,True,0.662141033364776,True
176,1245,0.45328001262891293,0.08607574262416606,False,0.6545341206682835,True
177,1022,0.45768088909811744,0.09230811442526199,False,0.7666234591065931,True
178,960,0.4124945080731003,0.10167626418610642,True,0.7734755094706866,True
179,691,0.443535060669659,0.11723320364879891,True,0.8760383866480014,True
180,464,0.40732409132890857,0.08482534377701034,True,0.9240500144801589,True
181,768,0.3776488927704559,0.11318588198782664,True,0.8376306283728396,True
182,1265,0.592726494175157,0.10878086863459718,True,0.6708754878817464,True
183,893,0.3034377646227242,0.06939900569519503,False,0.7967774678424897,True
184,1114,0.5986966453969399,0.14917074878635966,True,0.7448952114152,True
185,1045,0.3784036089570464,0.09201766912905396,True,0.7219478704262291,True
186,886,0.43341911301621466,0.07862330567463977,False,0.8209343283772773,True
187,1023,0.35579087982610863,0.09467919199487707,True,0.7235165467579686,True
188,605,0.43532615575725914,0.10153816394810417,True,0.8980523694085458,True
189,1090,0.5270502544928632,0.0977595714640227,True,0.7482154529619397,True
190,851,0.5209910550522536,0.1163215945131138,True,0.842838275635525,True
192,1131,0.4880372856250481,0.06485125308890655,False,0.7383289553481547,True
193,731,0.48614098855791876,0.08851525722640885,True,0.8753420270191666,True
194,680,0.4814428490165116,0.1226059198985997,True,0.8851688399788745,True
195,711,0.5605044280672065,0.09928219259169002,True,0.8919359380593044,True
196,1179,0.4911965231317752,0.10476076673718282,False,0.701412771226825,True
197,671,0.7326129998105665,0.1766420046351344,True,0.9181268923181577,True
198,757,0.40329268892161085,0.07652152395471712,True,0.8523504915201309,True
199,883,0.47740136076576745,0.08115413911386976,False,0.8330421474005415,True
200,523,0.26083352475434474,0.02814337984015769,True,0.8929997660383411,True
201,1118,0.3731138217969115,0.0731611783345903,True,0.6838079228530621,True
203,1513,0.459142015515937,0.08438391906998571,False,0.5053525166370817,True
204,998,0.43614482490094664,0.091150596418615,False,0.772035318171491,True
205,691,0.4734796357344153,0.11668110445077395,True,0.8815583197404834,True
206,975,0.5019535655604849,0.1119004034049918,False,0.7997024591484333,True
207,1217,0.5205797012905841,0.09255548867239816,True,0.6783443058911857,True
208,505,0.22602355414709066,0.12495872155080295,True,0.8805468004196556,True
209,840,0.49772274923295184,0.11972264083640438,True,0.8408821543441513,True
210,887,0.47412815360258737,0.0943839241834572,False,0.8274744685541818,True
211,1184,0.3705970523689192,0.09659424698247093,True,0.6354975314454067,True
212,616,0.356639707297119,0.04265968767643824,True,0.885341093727124,True
213,622,0.4205663994347367,0.09281624327660232,False,0.9041805352033253,True
214,1021,0.4788053272323294,0.099142900305006,True,0.7669429786742207,True
215,936,0.44977426662001224,0.08164285725671305,True,0.7977922560305585,True
216,945,0.5583305317411342,0.10652831301387267,True,0.8185191389937805,True
217,999,0.46491117319561176,0.1105895171714425,True,0.7704900067435638,True
218,804,0.5904597870361905,0.11419212378087662,False,0.8836796038004038,True
219,636,0.5619389907751853,0.07965700284688987,True,0.9098066812859879,True
220,1366,0.3994974108022424,0.06428885466795703,False,0.5734810328033613,True
221,988,0.4912247959566414,0.07882335952203817,True,0.7867776141618131,True
222,1139,0.32198392221917493,0.07412414870711748,False,0.678514831447565,True
223,885,0.4584258366179582,0.07949580006525853,True,0.8201638382631571,True
224,775,0.465580057595013,0.07557800301043305,True,0.8593281756721122,True
225,1157,0.4129718633410159,0.06893623852562702,True,0.6773038903634484,True
226,1059,0.3255253292586354,0.04735150198006938,True,0.6995278646631095,True
227,902,0.4932731554798832,0.09589107136122826,True,0.8208124265254627,True
228,851,0.5117547710132577,0.09451441874976552,True,0.8431410057234622,True
229,1000,0.4993960352016972,0.06153835571364741,False,0.8060218597677153,True
230,955,0.42127980263966297,0.07191915165853541,False,0.7912249866245228,True
231,731,0.5524589461239857,0.13163431586875624,True,0.8830975752578121,True
