track_id,first_frame,last_frame,mean_area,num_detections,lifetime,disappeared,mean_volume,mean_surface_area,mean_fluor_intensity,mean_fluor_total,mean_cv,mean_nnrm,mean_edge_distance_norm,mean_gaussian_sigma_norm,mean_peri_core_asymmetry,preburst_slope,preburst_spike
0,0,9,948.5,10,10,True,5.900900283993346,15.783988499999998,1884.7468872399338,1791099.6,0.7294997207944273,0.15404569915425376,1.7154880277798754,0.29698100203779176,-0.2007037891916969,-23.637332481234097,False
2,0,17,827.5,18,18,True,4.811789761192625,13.7704275,2894.413276101686,2379969.722222222,0.5683538484793491,0.125763013275812,1.6815762698548609,0.3108719044768902,-0.11723053108578473,-230.3343854181298,False
3,0,18,966.9473684210526,19,19,True,6.09481670211546,16.09097115789474,2883.149733001762,2724360.736842105,0.5749690027058374,0.14575936733337988,1.6532586071734192,0.30189048362092974,-0.1361283457364689,-136.46322810167572,False
4,0,18,916.0,19,19,True,5.895339912150922,15.243155999999999,2186.3188301182267,1869570.7894736843,0.8336921618466852,0.18224739607557772,1.6990319138761287,0.26704144884657516,-0.27561238133596416,-285.0648436744261,False
5,0,8,1314.5555555555557,9,9,True,9.630581030020185,21.875519,2629.4362592686953,3445228.0,0.7422680557400285,0.16154296378196348,1.702534437692743,0.2967779854793026,-0.13462691056805803,-120.855279094773,False
6,0,7,1192.875,8,8,True,8.325464851309246,19.850632875,3284.5465290028365,3924211.125,0.6891630143665799,0.1758525200838297,1.720244766351931,0.29558646893870133,-0.1862510500787949,0.6534339938733115,False
7,0,18,1548.4736842105262,19,19,True,12.328762500257037,25.768150578947367,3100.43233195723,4762564.368421053,0.6321513786118328,0.15258237515454032,1.696293181559668,0.30414142140938893,-0.1367820118810164,-103.38166575060811,False
8,0,10,1195.6363636363635,11,11,True,8.349791624811084,19.896584727272725,3495.970676503074,4169043.6363636362,0.6229921036277133,0.16628163505943336,1.6986576124614452,0.3060455264898507,-0.16023062083968773,-82.79196210200304,False
9,0,15,1131.8,15,16,True,7.717652275778925,18.834283799999998,2075.586993703012,2287027.466666667,0.7423639728462852,0.1543235654299689,1.7172570051824714,0.2920685559787172,-0.2104208971166298,-209.22271629038423,False
10,0,14,1247.5333333333333,15,15,True,8.954413643721088,20.7602022,2377.284890643426,2947922.933333333,0.7186780070635063,0.1530543571254597,1.617103397831137,0.29745004281082044,-0.18614571753697212,-7.854416377796949,False
11,0,15,1050.5,16,16,True,6.910035742638765,17.481370499999997,2370.1207054440383,2422712.0,0.6259754184985045,0.1394693135378955,1.7017876825582527,0.30556313173655325,-0.15255630413042648,-102.83506187657753,False
12,0,19,1154.7,20,20,True,7.985256377773391,19.2153627,2475.222558935494,2787832.1,0.6640567768952605,0.13837670383630643,1.6689499249792576,0.30511740235736806,-0.11514083886355578,-18.292150494722105,False
13,0,12,1182.6153846153843,13,13,True,8.215868866604321,19.679902615384613,2264.1833415706396,2660653.769230769,0.8040461966709973,0.16629241003010067,1.7494917553906715,0.2868273112876005,-0.1921905940538221,-133.4160844529805,False
14,0,13,1416.857142857143,14,14,True,10.808024276522602,23.577919714285713,1946.9379717703923,2704149.8571428573,0.6296084871471715,0.13423317557716616,1.6564373165393682,0.3134210804264522,-0.14397232243477864,-68.03587497632495,False
15,0,13,1240.357142857143,14,14,True,8.845461028691021,20.64078321428571,2913.2779115095664,3567574.285714286,0.6979590989544707,0.1465619103735031,1.6636662418972261,0.29517939521689474,-0.17207376332948515,-229.15124408233692,False
16,0,16,1190.4117647058824,17,17,True,8.299362460773365,19.80964217647059,2703.413747866825,3200799.117647059,0.694493021473057,0.15925846467931673,1.743584155196971,0.294096624210248,-0.1836444290117883,-81.835252357241,False
17,0,15,967.5,16,16,True,6.083575349257766,16.100167499999998,3318.760484028898,3200059.5625,0.7976515089945712,0.19880220570353394,1.739342609264561,0.2684543872618569,-0.2654817595263131,-45.29317634566513,False
18,0,13,1252.928571428571,14,14,True,8.962006660408711,20.84998435714286,2279.3212794595447,2843171.785714286,0.6936358471818601,0.15078872263421758,1.6917522721658715,0.29890911121219904,-0.14816609020833335,-13.532338779683021,False
19,0,12,1065.3636363636365,11,13,True,7.077692065257534,17.728716272727272,2213.892758841284,2275070.4545454546,0.6062069464156715,0.14825156898915992,1.6907282646202935,0.29814984397398453,-0.15635193529697683,-477.55571526167904,False
20,0,12,1084.1538461538462,13,13,True,7.213376116203277,18.041404153846152,3080.261933209934,3339998.230769231,0.6255391896650802,0.17591788425528732,1.67052417588777,0.29634758494757,-0.1473666220939051,-118.70598786293765,False
21,0,29,1099.7916666666667,24,30,False,7.508224912070745,18.301633125,1885.1218734012773,1933313.2083333333,0.5172114651140122,0.14010327119767288,1.7120431138166687,0.29975176609308063,-0.16458584313017602,,
22,0,11,916.25,12,12,True,5.60661570505409,15.247316249999999,1831.61355728532,1664350.25,0.7306059255266971,0.1545515709829587,1.7384528170116704,0.2990840227095344,-0.14573196547721518,-103.34000769131514,False
23,0,12,950.0769230769232,13,13,True,5.936600721795726,15.810230076923078,2775.0589617318637,2653461.4615384615,0.6096958149635759,0.14875827417983817,1.6815995371791863,0.30085135848056843,-0.1750405168350269,-147.08804669380297,False
24,0,20,1461.4761904761904,21,21,True,11.299644919718213,24.320425285714286,2241.1212915381975,3245124.6666666665,0.63406735822828,0.13824389142655122,1.682491517176641,0.3117640436736435,-0.11442402390491462,2.9822948126382327,False
25,0,29,1319.3,30,30,False,9.821227768644684,21.9544713,1808.1458300291195,2172894.566666667,0.5500451974710517,0.13239214211900804,1.6505386028075473,0.31658890852132743,-0.11178636210792207,,
26,0,10,1058.0,10,11,True,6.976923908858973,17.606178,2076.868599616707,2148017.9,0.6325910598979363,0.15937923189370282,1.72945401131252,0.2923906308184793,-0.16446256531412623,-97.12376256061201,False
27,0,16,1035.4117647058824,17,17,True,6.760190716271685,17.230287176470586,1411.8343105362094,1425419.1764705882,0.5710545988406257,0.10044399795510661,1.618058052732068,0.311953048988866,-0.16247651081323444,-154.38940637978308,False
28,0,19,1105.45,20,20,True,7.4301470906965985,18.39579345,2115.412531334622,2319026.4,0.6549946346271958,0.1306680546334224,1.6733663907760055,0.30748112256774957,-0.1278664307237486,-8.931569079975729,False
29,0,19,1194.25,20,20,True,8.355270830467687,19.87351425,1882.6958405957096,2223267.2,0.6380828294560887,0.1401875054489849,1.6790454924844092,0.303295429688751,-0.15285148755789082,2.5621735790048614,False
30,0,12,805.0833333333334,12,13,True,4.620655613163734,13.397391749999999,2290.98583453446,1845152.0,0.4811526219273307,0.1419781078459705,1.699045515622946,0.3026465149344589,-0.1528402621082661,-125.53147311664753,False
31,0,15,690.8125,16,16,True,3.6953489536023225,11.4958108125,1568.9665432191525,1103478.5,0.4560023448205844,0.10951666772331708,1.6129650277571579,0.32024594976286186,-0.14080703770122277,27.19674666214559,True
32,0,12,998.4285714285714,7,13,True,6.370135535120541,16.614849857142854,1265.254512608985,1263806.7142857143,0.5942587126769577,0.14656586688026194,1.7310108902489691,0.2947789802577764,-0.14947129009945875,-103.8397087546898,False
33,0,12,1395.076923076923,13,13,True,10.533196564483559,23.215475076923077,2370.0731723967406,3299895.6923076925,0.6802997277734261,0.1512935948486265,1.7019216650541666,0.304666996125387,-0.15803854976655238,-153.26658146800256,False
34,0,12,705.2857142857143,7,13,True,3.843732798499066,11.736659571428572,2779.3048234505045,1958518.0,0.34839586123504385,0.05529943176142354,1.3586127930802063,0.33350879434035646,-0.09849775083255945,556.4859275679717,False
35,0,11,1316.1666666666667,12,12,True,9.650029014451787,21.902329499999997,3287.6303912119433,4308852.583333333,0.553625857528991,0.1282643767856054,1.6877617977612702,0.3046821578592434,-0.1452981392283836,-148.2172198621899,False
36,0,5,719.0,6,6,True,3.8931351293863474,11.964878999999998,3151.7253078284084,2266549.8333333335,0.6212139135803203,0.21877569195142077,1.8213123764674817,0.2594691743150779,-0.2286773416376007,-4.042220044733764,False
37,0,15,1271.5,16,16,True,9.178904960866209,21.159031499999998,2525.3404564616358,3167311.875,0.5714611319298974,0.14146539815362202,1.6761170531219824,0.30610734232796044,-0.14972609805432596,-153.70268513623654,False
38,0,5,1058.1666666666667,6,6,True,6.952533862646156,17.6089515,3248.2854971966008,3410266.1666666665,0.5402975725647737,0.1023074113028355,1.5692949284653996,0.3142187171823823,-0.16470569981756553,-379.10532642721626,False
39,0,11,840.5833333333334,12,12,True,4.91997999575376,13.988147249999999,3501.3367090068077,2941357.4166666665,1.0376440183054652,0.22040217627521863,1.6797825048020398,0.2445116812708978,-0.23870386055438608,-117.23316159301388,False
40,0,18,1027.842105263158,19,19,True,6.697933050572517,17.104320473684208,1775.938717610496,1769018.2631578948,0.6587097718786911,0.14057396862228602,1.7008587535033683,0.30089233592985976,-0.1604869143033337,-152.08491268838907,False
41,0,10,1281.090909090909,11,11,True,9.285245245933249,21.31863381818182,2837.0504648779006,3552265.1818181816,0.7440057804251903,0.1592546570059319,1.6396500278395736,0.29619729907082487,-0.16608420647908526,-212.29132302171863,False
42,0,15,911.625,16,16,True,5.581178536069391,15.170351624999999,2658.5211499849074,2373635.875,0.5534063285901396,0.13979313254748116,1.6850878857263976,0.30370530209725777,-0.14327683432834662,-39.875415150326766,False
43,0,16,1715.6470588235295,17,17,True,14.367795692320847,28.550082705882353,4035.8375908068624,6892369.94117647,0.43384079262548214,0.1047649127394709,1.6348165597945918,0.3213711869102003,-0.0776109183799525,-91.09675533974897,False
44,0,29,1347.7586206896551,29,30,False,10.010873307390959,22.428051206896548,1847.7166454023197,2461518.5172413792,0.5033085644032549,0.12499725176947664,1.6593011669829552,0.3147434615484556,-0.11349845432853826,,
45,0,29,1335.8333333333333,30,30,False,9.927670991344177,22.2296025,1948.9552309184685,2498097.4,0.5429182468445546,0.1195352500999093,1.6577609656777696,0.319418977420505,-0.10537285162563985,,
46,0,14,1386.5333333333333,15,15,True,10.447830439322392,23.0733012,2797.4724245364428,3857404.8666666667,0.5600727545380388,0.12932547447857803,1.6625763628390122,0.31541668907065407,-0.11364639780561331,-183.47530617502343,False
47,0,19,1183.9,20,20,True,8.250642542737296,19.7012799,2465.0615366591164,2902460.8,0.732205169183838,0.16846245686530517,1.7505423129675168,0.2903659192109923,-0.15868614622143978,-118.72376580351916,False
48,0,10,959.0,11,11,True,6.016187433094952,15.958719,2582.5250369392393,2431234.0,0.6832801561674989,0.14156697758648626,1.7136894976255754,0.3005867570577497,-0.14447773155098306,-38.56490401321436,False
49,0,15,1104.5,16,16,True,7.431466962942297,18.3799845,2028.130077972832,2208769.375,0.5981720700366819,0.11385567659988788,1.6350350223526782,0.30432597059586564,-0.16426628131154922,-73.56113162957291,False
50,0,13,1349.071428571429,14,14,True,10.10852505327659,22.44989764285714,2059.2315341173917,2659011.3571428573,0.6427198248613352,0.13799548630483952,1.6719718818945608,0.3070173621195168,-0.16838862429728624,-306.14134452865426,False
51,0,13,1477.357142857143,14,14,True,11.483397693342225,24.58470021428571,2874.7628257736665,4226097.071428572,0.5084751946878614,0.11025235949036886,1.6838582712695016,0.3130301438367328,-0.11319691494018172,-98.57717588489129,False
52,0,14,999.2727272727273,11,15,True,6.430010359358218,16.628897454545452,3128.804532317706,3062235.909090909,0.5563699929050553,0.142409999126919,1.6559754501751192,0.30279591965901204,-0.14669450453001567,-71.25182078284719,False
53,0,20,1204.190476190476,21,21,True,8.797785737930448,20.038933714285715,3319.0277065976816,3414664.714285714,0.8022350112336273,0.18371223034266193,1.715792706982483,0.2729391251935535,-0.2560788579922661,-88.225411155087,False
54,0,16,944.3529411764706,17,17,True,5.892685780550361,15.714977294117645,2067.975395897862,1904480.705882353,0.619573780345827,0.13716886903739192,1.681923217508408,0.3006612857019388,-0.17639605894056715,-76.18086056479106,False
55,0,22,1049.8181818181818,22,23,True,6.894650971376229,17.470024363636362,1796.1202754720987,1866320.9090909092,0.8193271006051802,0.1749535100533777,1.7867940692804083,0.2802295677243039,-0.23092299698338525,-51.31389218268664,False
56,0,17,1332.111111111111,18,18,True,9.85086293753705,22.167661,1661.2692819004496,2182082.222222222,0.6249020704569344,0.1471247259753873,1.688750477808745,0.30456444405287375,-0.1500065224522399,-142.91917015897934,False
57,0,16,1159.470588235294,17,17,True,7.99512367716138,19.294750058823528,2540.0965046224055,2956855.882352941,0.5836287961403361,0.13516714437287727,1.7057833722291516,0.2977757491113841,-0.16314364918619179,-95.75653411046629,False
59,0,14,753.6666666666666,15,15,True,4.182601739830414,12.541767,2739.6211565644344,2054769.8666666667,0.4361726734408134,0.09854106216749221,1.5902167526976283,0.31444755770164845,-0.12001003775786208,-13.651529269661571,False
60,0,29,1142.928571428571,28,30,False,7.86453204915592,19.019474357142855,1916.2146478945383,2241418.1071428573,0.6590031086575038,0.13306704761049956,1.5940341585517435,0.3227356887148896,-0.15265760385485097,,
61,0,29,1155.5,30,30,False,8.175113446600479,19.2286755,2045.146700536787,2055861.7333333334,0.7858144977666238,0.17900810208804813,1.7583761787699292,0.27763720928022817,-0.26091436692464937,,
62,0,11,1160.1666666666667,12,12,True,7.982309877164233,19.306333499999997,2591.9462457901063,2996438.6666666665,0.7247157412834934,0.16313878578631438,1.7284814918748646,0.299783562325266,-0.16831970666995918,-138.8482802223804,False
63,0,20,1201.7142857142858,21,21,True,8.456702955710691,19.997727428571427,2389.6096959904116,2843177.476190476,0.8393317474866206,0.2009479029542991,1.8035994413713876,0.26536690345211944,-0.2457887319323513,-60.364802249035144,False
64,0,16,1464.2941176470588,17,17,True,11.352885825678113,24.367318411764707,3712.0948153761046,5397847.823529412,0.4510672980981526,0.09614522227739518,1.6149453723802554,0.31751658846288594,-0.11802391828548764,-167.90169441552771,False
65,0,11,1423.9166666666667,12,12,True,10.854409441734054,23.69539725,2245.0894297095024,3183016.3333333335,0.7139451057968934,0.15145150500902804,1.6413651984887558,0.3028832029100819,-0.16263457549917315,-119.10900436682286,False
66,0,8,800.6666666666666,9,9,True,4.636328167976409,13.323894,2937.5335150352457,2426558.777777778,0.6505875688733813,0.14665265519503146,1.6103831847375067,0.3211028510269458,-0.2549138540612914,-527.6660517106116,False
67,0,12,1014.5384615384615,13,13,True,6.547400106103908,16.882934538461537,2768.8678087639173,2773221.923076923,0.6656493153807895,0.16279815617885485,1.7334411692742742,0.2880494080500543,-0.1916059480526499,-246.69991216579058,False
68,0,13,1175.142857142857,14,14,True,8.161087446511115,19.55555228571429,2546.5191411721403,2932787.1428571427,0.546373530755946,0.1234160289049833,1.6273432500180285,0.3140586114135112,-0.13029066291423627,-221.3141171794494,False
69,0,19,1121.0,20,20,True,7.60446440989422,18.654560999999998,1221.2074002790703,1350769.65,0.6025231366174919,0.14184806312146175,1.6799260020559363,0.30636592835552745,-0.139321780720963,-29.650134433434943,False
70,0,14,1133.6,15,15,True,7.721141577538213,18.8642376,2115.82861094621,2376168.6666666665,0.6173122146797269,0.12894522093068989,1.661913187393612,0.3125483602699741,-0.12439785212051274,43.57615402001878,False
71,0,12,997.0769230769232,13,13,True,6.456482592287419,16.592357076923076,3455.0448433639517,3465666.3846153845,0.36177016439368587,0.11789175123183293,1.6034786502584562,0.3263725324906236,-0.11948593336953017,-198.15658974921823,False
72,0,7,1002.75,8,8,True,6.4141434409170355,16.68676275,2984.06081122222,2982341.25,0.7042025190341782,0.16058127759887691,1.7125191843762615,0.295328060494757,-0.18883670657124,-14.557284170395619,False
73,0,13,836.3846153846154,13,14,True,4.908764119088692,13.918276384615384,1911.88444709255,1561453.1538461538,0.5692461782674625,0.13253445072139708,1.6350242218439561,0.30006141011600745,-0.19198445090445798,-33.964459521168216,False
74,0,11,710.9166666666666,12,12,True,3.8282367259545347,11.83036425,2736.7244460030183,1939240.8333333333,0.9115776105603436,0.2139190632124137,1.8329539820698615,0.24588931911729672,-0.37544093859314437,-98.29947482594837,False
75,0,15,608.375,16,16,True,3.053541912000929,10.123968374999999,2433.150867088837,1437745.5625,0.5028089812065731,0.13343556229021483,1.669619031064683,0.3021091480539669,-0.1530201087327125,17.53353293819578,False
76,0,29,1283.2857142857142,28,30,False,9.376297195656438,21.355157571428574,2500.9449761262613,3084030.25,0.5337031944794094,0.14273534203643015,1.6751822931617315,0.30200879357685934,-0.16039469244829954,,
77,0,9,1127.8,10,10,True,7.655442175718237,18.767719800000002,3589.193274264151,4049915.5,0.36732104396156445,0.13037710137152886,1.6357052211274616,0.32036550621500315,-0.11228060706267413,1.9073680201037027,False
78,0,9,688.0,10,10,True,3.647090957283641,11.449008,2192.6769646923954,1502407.5,0.5749437302706502,0.13907479392643246,1.7086497456243026,0.29673572016252997,-0.18464124569765356,-12.040712674312466,False
79,0,13,667.1111111111111,9,14,True,3.496353110186636,11.101396,2521.961874553786,1695761.888888889,0.3360007922992065,0.09550255250571231,1.4837842189923665,0.3179764282710904,-0.1299158948287843,-91.24385502095842,False
80,0,29,907.8333333333334,12,30,False,5.570881977155381,15.107254499999998,2341.5071998121657,1992982.5833333333,0.5187655043583376,0.08812577199332627,1.430651029132985,0.34161326268627085,-0.08579448666977642,,
81,0,15,1156.3125,16,16,True,7.955660344705587,19.2421963125,2057.272975327045,2352128.875,0.681224149155908,0.14103918303645047,1.6035402035245707,0.3010548375841635,-0.16462042685445966,31.511732679791905,True
82,0,15,1158.625,16,16,True,7.9981992536757085,19.280678625,2892.9646630045686,3290444.0,0.6227726911057422,0.1638240469128841,1.6657892211234693,0.29653785452814896,-0.09889559820236452,-51.666858462492236,False
83,0,16,1026.0588235294117,17,17,True,6.640999632244841,17.074644882352942,2617.0427999894223,2666059.6470588236,0.8789660192083023,0.18555859308498637,1.7558960603826816,0.2710285041933157,-0.25135643555113024,-83.23636181844715,False
84,0,17,1157.1538461538462,13,18,True,7.975389256528525,19.256197153846152,1886.9769643475245,2128142.6153846155,0.6392257069475209,0.1466835135240378,1.6536832780712443,0.3011532653389174,-0.17271111947580814,,False
85,0,20,1724.809523809524,21,21,True,14.574916873204943,28.702555285714283,2075.4205024759335,3447402.9523809524,0.5177547260712722,0.10986504265617632,1.6106520962674393,0.31883415946042265,-0.11181677237275228,-175.18888203973694,False
86,0,19,969.75,20,20,True,6.119911593611271,16.13760975,1611.2393851309323,1537730.65,0.7194843155371673,0.15924565521321915,1.7354998447047243,0.2915829003100765,-0.18614437849903462,-25.066203151462233,False
87,0,13,920.2857142857144,14,14,True,5.640514603498891,15.31447457142857,2609.0707257811614,2400749.4285714286,0.8898268051400352,0.19913862464599605,1.8362702868642964,0.2633781769974933,-0.2673488706207467,38.58198613613538,True
88,0,17,630.5,14,18,True,3.310257719080582,10.4921505,2663.0599339819696,1665504.857142857,0.41238408899545587,0.10882268978094527,1.418507037310009,0.33822128510903415,-0.06990692146984602,-255.12973615326666,False
89,0,12,1258.8461538461538,13,13,True,9.038941235587064,20.948458846153848,2357.516463129323,2943225.6923076925,0.5946512764598343,0.13678339069144874,1.6465771200953847,0.3112647821687124,-0.1299099090429564,-113.58897039663137,False
90,0,17,1661.4444444444443,18,18,True,13.77129385957679,27.648097,1857.4003623628382,2990735.277777778,0.4675134459503874,0.11568633135447566,1.6459475953814329,0.3197308608006094,-0.09779438217954152,-295.12800292068727,False
91,0,20,1064.3684210526317,19,21,True,7.094364135144817,17.71215489473684,2725.023886774506,2818953.4210526315,0.38841445855287854,0.12387832994097474,1.6333415643034026,0.31288223781715685,-0.14043947141027052,-507.6738323486853,False
92,0,12,835.4545454545455,11,13,True,4.8802062891269395,13.902799090909092,2430.8129386029514,2019343.0,0.5845866518891214,0.14199114164706048,1.7007068288775538,0.302386065487876,-0.14652290520475378,-47.284741199272084,False
93,0,10,958.0,7,11,True,5.991803346842628,15.942077999999999,1409.2868505546187,1339499.142857143,0.7926065328891294,0.1483746923954889,1.680312720621546,0.299029037831193,-0.1497321963098823,-32.332179619451715,False
94,0,24,955.0454545454544,22,25,True,6.018054589343294,15.892911409090908,1567.4231256730543,1525875.7727272727,0.6924169389836746,0.14198770737333868,1.6752951520963462,0.30076254048129775,-0.18982033426023415,180.91868335223376,False
95,0,15,1291.3125,16,16,True,9.380661137688538,21.4887313125,2129.6736709525694,2749326.375,0.6723909594036052,0.13308386201592692,1.6400904401130243,0.31455150084378347,-0.11841042412652623,5.769643198702982,False
96,0,11,1160.4166666666667,12,12,True,7.985418931374249,19.310493750000003,2682.0890992505106,3113382.9166666665,0.6083885786762534,0.14546872450868845,1.664878648196516,0.30581842719647195,-0.12430340086017376,-132.1094175222931,False
97,0,19,1093.9,20,20,True,7.331837557958808,18.2035899,1974.8975408467436,2126095.5,0.6059702451443236,0.1274543950694895,1.66623367314889,0.30117930135458215,-0.16743260814958177,10.263894467390474,False
98,0,24,1014.32,25,25,True,6.554428360063404,16.87929912,2902.286208974927,2886563.52,0.5807895690566869,0.13736030439414992,1.679144638380811,0.3015110410098433,-0.15056880932735026,-181.2331894069474,False
99,0,28,949.2777777777778,18,29,True,5.908687855850558,15.7969315,2322.2034368354334,2204253.3333333335,0.7991284846684503,0.2012615806219175,1.7777420966541562,0.2730821373604304,-0.24818124709536152,,False
100,0,10,1007.181818181818,11,11,True,6.464350699202532,16.760512636363636,2298.929395642918,2300536.8181818184,0.6529292182951496,0.17823076130744006,1.7644735053751943,0.28535671290916265,-0.2065644834543248,-87.28507388188383,False
101,0,13,891.0714285714286,14,14,True,5.4243317123534505,14.828319642857142,2262.688577571282,1946150.2857142857,0.5150270637268666,0.12631279370636544,1.6728473948013272,0.311771055275941,-0.13407422644340414,-336.14340841129217,False
102,0,12,1002.3846153846154,13,13,True,6.423929706558397,16.680682384615384,2440.9577740341583,2428815.3076923075,0.534769591300325,0.12694850543639533,1.6293251753622304,0.3140504097276383,-0.11591266679635938,-166.89458667789683,False
103,0,14,1041.0666666666666,15,15,True,6.789684678774731,17.324390400000002,1823.5579172585033,1889501.0,0.7092758208831351,0.1588276711091844,1.7114061527133373,0.2960450006797131,-0.17380653739293342,36.96266731834197,True
104,0,17,1117.5,18,18,True,7.623366865138651,18.5963175,2180.0753103408983,2388020.9444444445,0.5783820510897306,0.15165153469075576,1.6779867893385663,0.2984367045948015,-0.1700415661508183,-289.55696853283,False
105,0,7,1151.625,8,8,True,7.892987183781076,19.164191625,2209.6871866198485,2543024.375,0.7689585276384733,0.15363218096251194,1.7363587756231287,0.2937183548969578,-0.19925843372310884,-1.7235197601303516,False
106,0,17,1304.611111111111,18,18,True,9.53716352406175,21.710033499999998,1865.5793806551908,2406512.0555555555,0.8065353684048554,0.16615473081554005,1.6994117808255782,0.2892894901296852,-0.17576763782293028,-201.82416519190937,False
107,0,17,585.6470588235294,17,18,True,2.9210572072027423,9.745752705882353,1841.358440365102,1116895.5882352942,0.22234908168696035,0.055747717503544236,1.1076660097198692,0.46210929456334937,-0.02618503572322822,-525.512494826551,False
108,0,20,909.2380952380952,21,21,True,5.575692885305339,15.130631142857142,2226.6887669306716,2000823.380952381,0.5375284710456311,0.14672138181457617,1.7031448464136982,0.30480572615021534,-0.10337863937240914,-39.25084507956781,False
109,0,9,802.3,10,10,True,4.600480850488412,13.351074299999999,1742.9662688803135,1377464.7,0.7102753862794844,0.14684239976661898,1.7224473634500232,0.2910264572869151,-0.21379011918333207,3.0469944278363146,False
110,0,17,1371.8235294117646,17,18,True,10.371677492793632,22.828515352941178,2495.5691083299275,3254106.3529411764,0.6844050625827878,0.15615215284139497,1.6819105801311633,0.2998754804016401,-0.145669208116266,-233.81245017340825,False
111,0,10,1055.2727272727273,11,11,True,6.927659043645411,17.560793454545454,2774.331315733756,2900058.909090909,0.6785452258030197,0.14819550830333375,1.718976112892971,0.29756086641578805,-0.1816436725314539,-139.73686132912218,False
112,0,29,1549.2857142857142,28,30,False,12.559441968840787,25.78166357142857,1721.5346160543345,2325434.964285714,0.5460526688087094,0.10999731059074325,1.6451411431676835,0.3225155626348682,-0.12045867926769657,,
113,0,18,984.2105263157896,19,19,True,6.247784480255241,16.378247368421054,1674.0710380779062,1623185.3684210526,0.7451503777179846,0.16679387489153522,1.726827291988911,0.2876603725271677,-0.19902328361376598,-64.65774604227597,False
114,0,7,991.25,8,8,True,6.302375744513179,16.495391249999997,3030.8664579272163,3012572.5,0.7610386857190758,0.17372012817242274,1.69887746632254,0.28643097596470524,-0.19632366996269995,-4.723186584834008,False
115,0,18,738.578947368421,19,19,True,4.07294756966385,12.290692263157894,1705.4550800481272,1234757.4210526317,0.6353055302125685,0.17496249603412406,1.7372446205073118,0.28596375532433593,-0.192174788020699,-64.2528125738074,False
116,0,24,881.96,25,25,True,5.304745861626753,14.67669636,1949.043621181684,1694195.6,0.6359636953980692,0.14704297803348199,1.729420297021099,0.2981508689947997,-0.14923403528587495,-73.09315560614756,False
117,0,15,983.2,15,16,True,6.257834399090721,16.3614312,1796.3882162532484,1726083.4,0.567632311802149,0.12918204815756945,1.626708156988787,0.3087885529834068,-0.1292700623518642,-84.97119323582358,False
118,0,7,880.875,8,8,True,5.283023929880815,14.658640875,1642.6328546280447,1441297.375,0.6495483957576589,0.15711969279704277,1.7128498906137946,0.300207142125272,-0.17466049297180203,-15.907418457048994,False
119,0,20,1310.190476190476,21,21,True,9.632762594589005,21.802879714285712,2646.084711726794,3387655.8095238097,0.5505457888800201,0.12977952584105767,1.659200546084657,0.31001097474052425,-0.11931163420424577,-2.5083684706209457,False
120,0,12,1095.8461538461538,13,13,True,7.340036327256395,18.235975846153845,3110.2865303766694,3375386.3846153845,0.5248659916801687,0.11393734235241972,1.6379499680566314,0.3122077774855057,-0.13264461296974092,-157.4655486776721,False
121,0,14,902.8666666666668,15,15,True,5.494414738623378,15.024604199999999,2282.549225195523,2029664.0,0.46886963368439705,0.11039916783517624,1.64968161552757,0.31688973286550687,-0.11938003425271046,-70.95359411802518,False
122,0,20,1141.5238095238096,21,21,True,7.8783773781773,18.996097714285714,2851.439568840234,3116165.6666666665,0.7361570517737777,0.17817663263566508,1.7016758788278072,0.2822010735275538,-0.1753272475225313,-201.9413707506374,False
123,0,10,1398.3636363636365,11,11,True,10.563318369460578,23.270169272727273,2557.9683536848606,3574997.727272727,0.7068941282786253,0.1567803962910294,1.6805599781320608,0.2981132450037482,-0.15130527332086904,-24.794652327252138,False
124,0,14,1091.6666666666667,15,15,True,7.289628862011236,18.166425,3129.4703357827852,3398260.2666666666,0.6719263869278599,0.1573027968485811,1.7245054406692186,0.29474442053731376,-0.1324994244178303,24.053193571573576,False
125,0,16,1083.1764705882354,17,17,True,7.214302598371031,18.025139647058822,1398.893510920795,1498398.4117647058,0.6520025095277803,0.13412228865187853,1.6688280361402048,0.30398234156411097,-0.14644790440705363,-107.28260377770559,False
126,0,12,934.0769230769232,13,13,True,5.765944651139435,15.543974076923075,1975.6963949766127,1838039.3846153845,0.7454184115667724,0.15447918477829098,1.6941771331956266,0.2939839307309592,-0.15131619445296807,-99.2636550986548,False
127,0,19,1148.8,20,20,True,7.874793628579153,19.1171808,2246.3980898038835,2565853.55,0.7619609614123841,0.16334336898579516,1.7074002386008504,0.2869058550028738,-0.20382923991216625,-17.513892784175745,False
128,0,11,746.6666666666666,12,12,True,4.152728570506542,12.42528,1882.4276291904205,1367558.1666666667,0.5692067542554257,0.12276687802013704,1.5890966197575966,0.31441123176554236,-0.13811042018307565,-188.38279406374423,False
129,0,12,1266.4615384615386,13,13,True,9.105040889644837,21.07518646153846,1949.8057143178962,2459148.846153846,0.6625550580903662,0.15045954022315966,1.7145986940693054,0.29779678146319044,-0.1435049272228728,-101.8557734863671,False
130,0,19,1109.85,20,20,True,7.502808615339127,18.46901385,1828.4481130664822,2004406.55,0.9081294150871064,0.1940874329562528,1.746138012203787,0.27293080656559854,-0.2275419351868774,-23.17480177151456,False
131,0,20,1024.047619047619,21,21,True,6.622949508278634,17.04117642857143,1547.9362407645724,1573034.0952380951,0.6954079888010737,0.15173939709443335,1.7604076604404777,0.29252271835410887,-0.18782545055494138,11.630016166731634,False
132,0,20,1599.125,16,21,True,12.994841952689931,26.611039124999998,798.0589260622638,1234090.8125,0.5557637691586138,0.09691451633979084,1.6128900475219516,0.3322772255544509,-0.08358024293835638,-26.613172694543188,False
133,0,8,1090.2222222222222,9,9,True,7.284045062767611,18.142388,2884.064915334081,3104515.0,0.6683285210812513,0.1485174617660883,1.6688311657888049,0.29608977448055385,-0.1904478529028627,-48.13081040291264,False
134,0,11,1068.75,12,12,True,7.076747118102808,17.785068749999997,3157.042139984553,3280786.4166666665,0.5990980668669049,0.1413025704652182,1.6094828128241445,0.31670985279928715,-0.12315301963658719,-221.0827577491522,False
135,0,24,1064.75,20,25,True,7.130641603028607,17.71850475,1624.5525268373801,1552074.15,0.6455720693463912,0.14200590675480887,1.713094894506788,0.3013717233095382,-0.16676450396970977,-30.77388417981755,False
136,0,18,943.0,19,19,True,5.863244580428886,15.692462999999998,1968.6709212905162,1828125.3684210526,0.7733726075924877,0.17593608993244625,1.7442052969384931,0.28144962111141575,-0.21182639090289468,-89.25378160141953,False
138,0,15,802.9375,16,16,True,4.601858606962224,13.3616829375,1867.3141740473254,1486501.4375,0.8323723486837602,0.182308833093707,1.8016859306837343,0.27272655611283275,-0.27730319460644753,17.59030149817382,False
139,0,9,889.5,10,10,True,5.359819675971429,14.8021695,2039.676973081231,1806235.9,0.7295889878634013,0.15564225826760683,1.740815301192784,0.2950742703473167,-0.16424451402042392,-8.571983768896581,False
140,0,11,1101.4166666666667,12,12,True,7.385336797168882,18.32867475,2897.585132618378,3189221.8333333335,0.6650972620630448,0.15364679621984254,1.702404204591601,0.29824706250050187,-0.1684257625818962,-153.25767277833114,False
141,0,29,1078.0333333333333,30,30,False,7.16019620777276,17.939552699999997,1574.2540613958076,1660932.4666666666,0.6339318959187897,0.14193208156587572,1.728542465922043,0.300687376608558,-0.15621874617403303,,
142,0,10,813.6363636363636,11,11,True,4.6943025527757545,13.539722727272727,1973.5917107452217,1589654.6363636365,0.6809062844477034,0.13559728206260013,1.6875574911461515,0.29677077787155226,-0.1581657129378298,-51.87447554697524,False
143,0,13,995.5714285714286,14,14,True,6.3688830081128724,16.567304142857143,1790.5016074193445,1728855.7857142857,0.5945737735944666,0.13776522697176471,1.6698136704836426,0.3078625394780504,-0.13525213116885174,-156.38828867075262,False
144,0,12,847.9230769230769,13,13,True,5.006999119845731,14.110287923076923,2849.584228924257,2397935.153846154,0.5612671543084138,0.1428215679420036,1.7189750709201919,0.2929476296315984,-0.1877397477254257,-105.20628571566687,False
145,0,19,1423.2,20,20,True,10.95759415959609,23.6834712,1324.4618829343317,1801361.55,0.6282175458207268,0.14338216563639766,1.701105386734831,0.3040676094379073,-0.16227400537918937,-92.85123349641519,False
146,0,15,1017.875,16,16,True,6.590858415360857,16.938457874999997,2794.8904930349913,2859435.9375,0.8141449458380221,0.16615978390925557,1.664649225728069,0.27813268680047837,-0.2561502685582849,-4.660551043196461,False
147,0,13,824.3571428571429,14,14,True,4.810146030309904,13.718127214285715,1835.4140995921857,1483611.5,0.5717329507295746,0.13828176226183003,1.7172655043699672,0.30428957659437367,-0.14172952433872482,-94.3969552146702,False
148,0,23,1289.5,24,24,True,9.394727081163472,21.4585695,2722.249773147669,3442594.2916666665,0.8068566130344591,0.17682329750620387,1.6943861505328695,0.2820997412843923,-0.19582355819566058,21.661425993788118,False
149,0,12,696.4444444444445,9,13,True,3.7449144741837026,11.589531999999998,3127.9574541380152,2227902.111111111,0.47447340459146164,0.11654034786751663,1.5980865137899873,0.31034116948496604,-0.15582668265474994,,False
150,0,13,1202.7857142857142,14,14,True,8.430620334011937,20.01555707142857,2745.119731708289,3279579.8571428573,0.6681579198203978,0.1417246982724722,1.6655265702034387,0.30609460427002333,-0.10379720793633275,-35.45609305028223,False
151,0,13,1157.0,13,14,True,8.166125405056151,19.253637,1787.6215148382557,1978157.6153846155,0.5060210388954824,0.13250655162521882,1.6508957599451302,0.30346658746163474,-0.1576211289893063,-209.90382948941556,False
152,0,10,730.5454545454545,11,11,True,4.018024150928195,12.157006909090908,1950.3089347489497,1379072.9090909092,0.7024885606113375,0.1756988543308206,1.7182018003293025,0.27933902029269886,-0.20637192903335694,-143.87798362231783,False
153,0,12,1033.6923076923076,13,13,True,6.7208822399427515,17.201673692307693,2173.762496053762,2231837.6923076925,0.5796155174032361,0.14528210808031083,1.6532462540828459,0.3044893292339429,-0.11929678748327667,-118.63869235490913,False
154,0,22,1002.2608695652174,23,23,True,6.424995176933902,16.67862313043478,1381.4971027183803,1368923.2173913044,0.6621116967927861,0.15185729394010766,1.6940304779361874,0.2924321558447209,-0.16898107864577028,10.389467048076966,False
155,0,17,800.0,18,18,True,4.596902875681144,13.3128,1943.1651779862138,1516723.7777777778,0.6462054359061573,0.1674528267335831,1.716940348950971,0.2903199538602577,-0.17873025888621005,-155.82546584547327,False
157,0,14,1111.7333333333331,15,15,True,7.493684910978329,18.5003544,1851.8412416073868,2044101.3333333333,0.6491332522430701,0.14210614587105214,1.7151744089108063,0.3020470841537115,-0.14608346288070398,39.84729605819668,False
158,0,18,1271.8947368421052,19,19,True,9.201114155798615,21.165600315789476,2495.8086357205325,3119094.0,0.67459132974408,0.14475973433475361,1.6595440601551588,0.3087709944277256,-0.14079790682932114,-116.93365570460661,False
159,0,11,893.0,12,12,True,5.416125398225865,14.860413,2061.5424812925876,1798153.0,0.7701680040323077,0.16552135892703776,1.7043035148704329,0.2873449247197653,-0.16904735921406122,-124.3540257198495,False
160,0,14,1302.9333333333334,15,15,True,9.526605501035426,21.682113599999997,3615.5248959043906,4620184.133333334,0.4988022769768537,0.1303302810398726,1.6622388244273307,0.31385799854914553,-0.10023748356074673,-110.00731094830637,False
161,0,14,1114.2666666666669,15,15,True,7.523803814390975,18.5425116,2925.9246685622998,3231945.533333333,0.6062718612270379,0.1168023591580767,1.6396223699770796,0.30540210834778986,-0.10380801844103696,23.68402594333244,False
162,0,21,966.4736842105264,19,22,True,6.076198787197679,16.08308857894737,2098.7355786727203,2019914.4210526317,0.6419504721795742,0.14030181665890842,1.6831118058889623,0.3165513238947821,-0.13371849644200284,-470.9284323683759,False
163,0,8,1032.4444444444443,9,9,True,6.707485177461802,17.180908000000002,1894.9743127249853,1942699.888888889,0.8135006401316606,0.1705889236267089,1.768478176792864,0.2822599840348462,-0.2316664135587134,-52.33307086647668,False
164,0,19,1194.9,20,20,True,8.35262977882152,19.884330900000002,2428.931223132791,2886988.35,0.6159812144786374,0.1341683712955456,1.6857859832423798,0.30353271714790553,-0.1496388912661823,-11.037113865081418,False
165,0,13,994.1428571428572,14,14,True,6.352681305816366,16.543531285714288,2215.689624938922,2164207.5714285714,0.6339787282771592,0.15369838967964242,1.701093102039204,0.29794917643516133,-0.1529409491643776,-91.56673745037132,False
166,0,9,596.875,8,10,True,2.947602752371745,9.932596875,1614.3399830508304,961755.5,0.5949925823956527,0.13156645307528364,1.6515171492445038,0.3039875608395932,-0.15077072321419138,-27.927835587526655,False
167,0,6,876.4285714285714,7,7,True,5.24238511074764,14.584647857142855,3380.8617400366206,2958511.8571428573,0.425997563400277,0.18026109956466788,1.6808226429576492,0.2842098167571466,-0.1490128874769928,-115.44406207578115,False
168,0,14,1186.4666666666667,15,15,True,8.291276175436733,19.7439918,1634.1756979971724,1889156.5333333334,0.7512990671835377,0.15415663992005862,1.7088204263689102,0.29051730090509537,-0.1851833066081349,-144.94558058947524,False
169,0,19,1435.4,20,20,True,11.026478206851262,23.8864914,1324.9083638145755,1875086.55,0.6658640135617636,0.15091187301055745,1.699927262402659,0.299496771726669,-0.1742290163275191,-70.29232385235011,False
170,0,29,1538.071428571429,28,30,False,12.207026739440812,25.59504664285714,1583.614714163102,2423875.785714286,0.5812859720922198,0.11920234673883194,1.6538378547907306,0.3195344603344575,-0.1151697123232993,,
171,0,5,651.0,6,6,True,3.3582292401254836,10.833291000000001,3218.850737726083,2081204.1666666667,0.5557860299807175,0.18006652603706932,1.7457158509229196,0.2853604047336659,-0.21387257612012064,-177.3373714423574,False
172,0,11,1118.75,12,12,True,7.565234927813258,18.61711875,2430.7789196167214,2684591.9166666665,0.570396421237145,0.14156802501670018,1.6820161109816858,0.3048307548476905,-0.13994517618463106,-138.3964401585841,False
173,0,27,973.8518518518518,27,28,True,6.2334548751814385,16.205868666666667,2009.9901273051403,1802847.4444444445,0.6518669820446659,0.15644731312853677,1.6965558189356384,0.2959445399456432,-0.13220525632033886,-67.89884395598932,False
174,0,16,1017.9375,16,17,True,6.581964367913985,16.9394979375,1999.6871196807974,1985807.8125,0.5396891064799687,0.11344195122313751,1.6357601090084983,0.31392665254892593,-0.1019476271426876,-261.41156314555985,False
175,0,20,1208.6190476190477,21,21,True,8.506282205994971,20.112629571428574,1861.3048503600742,2219425.238095238,0.8380141974456554,0.18802620934242525,1.6918366349716003,0.2768756472754054,-0.23950641531076886,-24.750889728990717,False
176,0,18,1181.157894736842,19,19,True,8.233483451461199,19.655648526315787,1655.6637834594649,1907187.4736842106,0.6681292481115065,0.14985216217046218,1.7030585246644447,0.3028550863970739,-0.15464205353758295,-129.82377224315005,False
177,0,12,987.6153846153846,13,13,True,6.2741231470558905,16.434907615384613,2684.639829706685,2633617.6153846155,0.42465240806456994,0.11502665271424745,1.7064499259537587,0.3073584731874798,-0.12423152739134569,-156.58656102235275,False
178,0,21,1017.7727272727273,22,22,True,6.564934130144436,16.936755954545454,2134.6378815080748,2153955.727272727,0.640992031128658,0.15396815891809584,1.7440881473279186,0.2916829841382573,-0.16906821239858458,85.74921186411638,False
179,0,14,1356.9333333333334,15,15,True,10.11548336672874,22.5807276,1759.874880357866,2359775.4,0.686617587876374,0.13076819354300948,1.59166640030894,0.3079330617370649,-0.1565025366906539,19.720168072442345,False
180,0,16,1144.7058823529412,17,17,True,7.837534582626578,19.049050588235296,1623.7496569734901,1836476.0,0.6552510778403429,0.12142253044810358,1.6198631419814074,0.3042051084917485,-0.13269458942875967,-38.03753755228769,False
181,0,9,1078.5,10,10,True,7.161188246331467,17.9473185,2691.281325728663,2874569.5,0.7976373393512819,0.1705656695043144,1.7061030702171975,0.28122330146992636,-0.23533849248891311,-0.9796219691839194,False
182,0,19,1173.85,20,20,True,8.19362711998007,19.534037849999997,2813.8149531197337,3175902.0,0.6173513035508349,0.1393368244722588,1.673023001361304,0.31043965752337266,-0.09651369119671403,-10.918702150924645,False
183,0,16,1204.3529411764705,17,17,True,8.454840897204702,20.041637294117645,1916.6326611449724,2284779.1764705884,0.6369746361027292,0.14260631595765025,1.6982411611231985,0.30510566892781554,-0.1525016117784516,-64.96267331205465,False
184,0,15,1190.25,16,16,True,8.306077606335979,19.80695025,2077.318899061277,2460803.25,0.6897385816498408,0.1565295587598608,1.7172378206389831,0.29838033270780057,-0.16760680324329094,-12.958704636851152,False
185,0,15,889.8,15,16,True,5.3944121531478775,14.8071618,2293.1484520739186,1982340.2,0.6350228601872986,0.14105627836490045,1.6199331935923547,0.3115192245337066,-0.2098378741451559,-79.73141197817606,False
186,0,14,943.2666666666668,15,15,True,5.854164822112085,15.6969006,2077.9705926212296,1956674.6666666667,0.7319316371759628,0.15988520754673902,1.7010694975896423,0.2911719685989819,-0.1685719213226718,22.9907057506048,False
187,0,29,1275.7931034482758,29,30,False,9.300307741777077,21.23047303448276,1710.757962686608,2071679.8275862068,0.6876559696741569,0.14335024043986133,1.6987032985054495,0.3020685482938161,-0.157749094253524,,
188,0,15,1810.75,16,16,True,15.619619825088789,30.13269075,3589.6427546100294,6505017.5,0.4776185726773779,0.11803411415902937,1.6274687407847392,0.3229025263151142,-0.10334436819752665,-160.82621850997592,False
189,0,29,981.4285714285714,14,30,False,6.42082095163402,16.331952857142856,1869.3407775090704,1589381.4285714286,0.5359070384982806,0.0804803357156539,1.4691498106351866,0.33867915836171336,-0.10172725506375976,,
190,0,10,1257.6363636363635,11,11,True,9.013460285512434,20.928326727272726,2377.890052639501,2963107.5454545454,0.7734829405246089,0.16791540597879526,1.7377366763665074,0.29107555880914826,-0.1907176181022345,-57.71101608122973,False
191,0,16,1291.8235294117646,17,17,True,9.418337158949212,21.497235352941175,2502.6611897436123,3144518.529411765,0.6499700956068458,0.14973550085570708,1.6810530363188276,0.30369760448475924,-0.09545553637092374,-328.06818069331456,False
192,0,11,1202.75,12,12,True,8.431651219824388,20.01496275,2305.8103091632006,2774920.5833333335,0.7486423158860641,0.16201616527096951,1.7380514778968195,0.2924802539780141,-0.16904287897905593,2.800722347270872,False
193,0,21,1387.2727272727273,22,22,True,10.470098669768205,23.085605454545455,2413.5410750621,3306611.227272727,0.7745259097093626,0.17183996240362662,1.7458199681436843,0.28864449736935444,-0.15557357238857386,12.92147390258964,False
194,0,13,1039.0,13,14,True,6.77324236937019,17.289998999999998,2451.6782519777826,2528598.4615384615,0.562480864987037,0.12475255804688254,1.6514026589369624,0.31538578584735516,-0.11809049149567406,-11.671770806119197,False
195,0,7,1301.875,8,8,True,9.545157896396328,21.664501875,2561.112723877168,3228467.125,0.795051340423897,0.1644613286022751,1.6436100843301582,0.2918235519460774,-0.2078542946699108,2.5412138764557817,False
196,0,19,726.1176470588235,17,20,True,3.964595135748014,12.083323764705883,1599.8263461232182,1142175.8235294118,0.8306032184980565,0.17018278724924527,1.7030826552756788,0.27454510954518746,-0.25622415023513123,-10.479668631841925,False
197,0,7,1106.625,8,8,True,7.452028707730931,18.415346624999998,1806.0580966467446,1967585.125,0.7190537623432343,0.15714110903506087,1.7214547785758019,0.3014036404028786,-0.14271364881676543,-2.4536802942339606,False
198,0,29,1131.321428571429,28,30,False,7.839441547111453,18.82631989285714,2355.258439151496,2414520.214285714,0.6286651001622501,0.1397834473963636,1.674126703790259,0.30560108309104944,-0.13497360645133022,,
199,0,12,878.1818181818181,11,13,True,5.313180717328976,14.613823636363636,2298.801878996025,1919225.8181818181,0.7274173070256502,0.14693227456004265,1.6146793898018152,0.2925380681732311,-0.17975218394024461,-495.6245848528262,False
200,0,12,1277.2307692307693,13,13,True,9.229583923383432,21.254397230769232,2409.984162667075,3050883.923076923,0.6965124024089355,0.13302558430605269,1.6597066700148344,0.30117271381079813,-0.1382504843375356,-103.97665023810565,False
201,0,18,1008.2105263157896,19,19,True,6.493510514909349,16.77763136842105,2197.1493540616957,2164666.4210526315,0.6150538189913431,0.13453700502482588,1.6938143764581044,0.30982515906406416,-0.11533535165068931,-159.2186449598323,False
202,0,19,1002.8,20,20,True,6.468259935211418,16.6875948,1944.1174072746185,1874935.8,0.7453016019389072,0.1710762015003296,1.7177662239116578,0.28779213996979636,-0.16442328401405767,-289.5098384451289,False
203,0,14,1462.8,15,15,True,11.31759803687479,24.3424548,3309.9363508620936,4784477.933333334,0.5054030365345759,0.1078141226812947,1.6420853385718444,0.3189484041291347,-0.10499277053529568,-10.36548011444535,False
204,0,13,1198.142857142857,14,14,True,8.429750126615255,19.938295285714283,2342.950204292831,2714244.5714285714,0.6727159224315328,0.1465162332110916,1.6798970955251706,0.301241234460041,-0.16178571672584602,-329.7666225481658,False
205,0,13,1125.0,12,14,True,7.626865740496309,18.721124999999997,1803.6062277652552,2018090.9166666667,0.7711707107532567,0.15110951776942133,1.7175846917327844,0.2967462800403737,-0.17120831210705623,3.608600850907916,True
206,0,18,1270.6842105263158,19,19,True,9.156891807684946,21.145455947368422,2065.611131050893,2602123.210526316,0.6777086607256132,0.14442980512822803,1.6561010637286813,0.3054319378423238,-0.13560170401526467,-49.73585648177853,False
207,0,29,1177.1333333333334,30,30,False,8.17155143743207,19.588675799999997,2332.5077765947062,2719832.033333333,0.7935507191268089,0.18532395226092815,1.760265933176341,0.27778130908721077,-0.23471588273070906,,
208,0,19,1293.55,20,20,True,9.410304526078912,21.525965550000002,1612.7169795796951,2066463.4,0.7320028190854642,0.1587137299878001,1.7045063977377204,0.30175147502891286,-0.1235810516780623,-18.6038538072249,False
209,0,15,1189.5,16,16,True,8.298716030526336,19.7944695,2701.7564740086277,3179530.25,0.8340963477534487,0.18102873170533146,1.6682492615387834,0.2826591172176835,-0.1652372434051645,28.658878737661766,False
210,0,12,1079.6923076923076,13,13,True,7.242315382040374,17.967159692307693,2885.201433295642,3025432.4615384615,0.4898234619250918,0.15010815571545535,1.6392150377789962,0.30814692567983804,-0.12246255317166639,-390.6314622191821,False
211,0,10,809.6666666666666,9,11,True,4.689622314688866,13.473663,2611.1781454730676,2089003.7777777778,0.41870665076950103,0.08280802349202485,1.5694609326662978,0.3209333476782817,-0.11964741463372935,-76.47661322374911,False
212,0,19,1258.75,20,20,True,9.04562428145304,20.94685875,2546.7784677808586,3164979.05,0.664821410924699,0.143298651330903,1.691631891931723,0.3013388384069523,-0.1697272139367295,-51.24581412192783,False
213,0,16,1256.8823529411766,17,17,True,9.008490308071654,20.915779235294117,2230.1476802100733,2780997.0588235296,0.6371143912014409,0.13385997464350735,1.692578853976441,0.3021573579313449,-0.1342170919739749,-84.05566576937107,False
214,0,14,1442.6666666666667,15,15,True,11.094726107683016,24.007416,3062.949447826747,4335898.866666666,0.7419879257681344,0.16709313985251345,1.6442350532234573,0.2878315432685536,-0.18580538568656196,-65.49909243198216,False
215,0,24,1221.0434782608695,23,25,True,8.67361301629443,20.31938452173913,1793.0972012491943,2134653.8695652173,0.7080306325071891,0.15426121716579494,1.718481118934824,0.2940877241472675,-0.17163277533788343,-48.56139374022995,False
216,0,28,897.55,20,29,True,5.5190533249771025,14.936129549999999,1708.0313012771865,1643930.85,0.6564354048293378,0.1315268462369597,1.5474278310612792,0.3382080490072432,-0.09588494430825688,-9.463352826510695,False
217,0,16,1204.764705882353,17,17,True,8.457992529732921,20.048489470588237,1918.6260028012305,2297964.411764706,0.7301147011318586,0.1487887586940119,1.6964725630280222,0.2962069061262561,-0.18433012375228475,-43.849388955007576,False
218,0,8,640.875,8,9,True,3.2968328582015127,10.664800875000001,3241.754306389056,2092828.375,0.6526014731223718,0.18902628300983404,1.4594394773273331,0.262406018650227,-0.20129519166064558,-45.953669742582456,False
219,0,10,1015.818181818182,11,11,True,6.539137522201345,16.904230363636362,2709.856731181439,2746057.3636363638,0.7284217417645761,0.15736440454660208,1.681688527753235,0.2936152928156403,-0.1593822312093775,-34.94528507122384,False
220,0,29,1204.4333333333334,30,30,False,8.462404019857347,20.0429751,1643.564453265206,1923520.1666666667,0.5747604386365872,0.12038803428350017,1.688888043539668,0.30276284846959756,-0.15844551142704005,,
221,0,15,1233.5,16,16,True,8.760832513016677,20.526673499999998,2707.92364349293,3316056.625,0.5688586959865595,0.1308190961103413,1.6543430834633843,0.311348272016776,-0.10880838013822586,-144.33271703013403,False
222,0,10,758.8181818181819,11,11,True,4.245794829362795,12.627493363636365,1462.0561756975121,1085785.8181818181,0.7460583121555782,0.1606563372606655,1.6801329581864115,0.2836342494008885,-0.21677118329309877,-19.015168828364594,False
223,0,29,1647.896551724138,29,30,False,13.548728608626776,27.42264651724138,2028.8478834430139,3289691.5172413792,0.44038338197628696,0.0905778372113971,1.5984872969789505,0.33560968297486865,-0.08015291775649341,,
224,0,15,1098.375,16,16,True,7.362154896973758,18.278058375,1515.6864673467014,1650327.6875,0.6216350823663397,0.14173352301529882,1.6616725487043407,0.3029774165698113,-0.1376888197710406,-0.6129130558047694,False
225,0,29,1149.875,24,30,False,8.0558413935032,19.135069875,1959.8527564289918,2001523.25,0.5803596543595821,0.13523515653304297,1.6882871281379244,0.30739842489836705,-0.14693175105146633,,
226,0,20,1403.428571428571,21,21,True,10.659164110423049,23.35445485714286,4212.16640422803,5825030.0,0.5933195577022918,0.13138932195543793,1.6545030451109322,0.3208541779202472,-0.06757011836312195,-21.738691287870314,False
227,0,14,1148.6,15,15,True,7.928572126505836,19.113852599999998,1729.8079475710847,1892472.6666666667,0.6564175069093028,0.16320016295752288,1.7293443778748687,0.2818658543572793,-0.2064380714247629,-300.51773123790065,False
229,0,10,1210.090909090909,11,11,True,8.51258402188671,20.137122818181815,1786.494563412512,2167109.090909091,0.7409860043235361,0.15693633583706948,1.6539503577638508,0.2931438168370041,-0.17313083181166375,-34.618526946556074,False
230,0,4,1067.6,5,5,True,7.058925346252757,17.7659316,1613.8712736692548,1700434.0,0.6481614944808888,0.1391793129621473,1.674932030621822,0.30158462381602613,-0.1648146050996558,-172.5599346183752,False
231,0,11,1022.3333333333334,12,12,True,6.607426858256421,17.012649,2661.4319049090236,2695054.0833333335,0.6464389980237052,0.14196259439168304,1.6750692780240604,0.30344888886749305,-0.1346066358841295,-126.667141323091,False
232,0,9,1058.8,10,10,True,6.9763232728804185,17.6194908,1849.374324833995,1931521.2,0.8187342649874486,0.17851180851043694,1.776767378574561,0.27620653980166765,-0.2357013689631859,-74.96791786039475,False
233,0,12,1115.2307692307693,13,13,True,7.558297945163772,18.55855523076923,1883.874111703529,2052974.2307692308,0.7122539185279353,0.1641296679443339,1.7326370504718076,0.289429296706946,-0.18429635315518433,-324.3126681952698,False
234,0,19,1087.55,20,20,True,7.245196801172726,18.09791955,2621.549271446333,2839229.35,0.8518728846868078,0.18444904140856358,1.7550520250051196,0.27899186120507224,-0.22337656440919246,0.144355229030817,False
235,0,15,1272.625,16,16,True,9.204678071395877,21.177752625,2602.462011192567,3222051.1875,0.5688870127681984,0.1287987552438063,1.6690475981514483,0.3193616065864787,-0.07927286670714831,-265.9089030772736,False
236,0,13,1017.3571428571428,14,14,True,6.5601202757307036,16.929840214285715,1794.8950999630613,1812042.0,0.7519584511651856,0.1586844193330453,1.6910136745342024,0.2942265866548854,-0.17895494113621666,-23.231834646868364,False
237,0,14,947.6666666666666,15,15,True,5.902710966142876,15.770120999999998,2131.427779851782,1999149.4,0.7400682063349132,0.15833903249993295,1.7171464481871819,0.2964513603542013,-0.18812196002312134,43.0887918864892,False
238,0,13,785.3846153846154,13,14,True,4.451759488735814,13.069585384615383,2362.78672124734,1861169.0,0.46811189080446947,0.12251782853674964,1.6693354084731409,0.30544100522213646,-0.14643398667073795,26.52021842414671,False
239,0,19,698.0,18,20,True,3.734114178647502,11.615417999999998,2397.3893665601954,1650634.1666666667,0.641627458851697,0.1324079288759872,1.7110179393800002,0.2988797621695547,-0.16874154356186616,-21.310692466342,False
240,0,9,745.9,10,10,True,4.130029932075228,12.4125219,2210.2983387124523,1620648.9,0.64905511198695,0.16708779490613174,1.7467119244362252,0.2832355089890209,-0.18234020641525484,27.507938875932204,False
241,0,20,836.1904761904761,21,21,True,4.927887344105455,13.915045714285714,2146.9189723413947,1725718.7142857143,0.7311743820235518,0.1625996298216783,1.6885004559376975,0.27259912772656786,-0.2741341525575621,-138.25038016678096,False
242,0,10,1068.5454545454545,11,11,True,7.0575536802517975,17.781664909090907,2394.2820005149883,2543287.727272727,0.683542290537122,0.1500421576744084,1.7212590205010174,0.303568394723574,-0.14086930006372878,-62.24292966274111,False
243,0,20,1146.190476190476,21,21,True,7.931249869895657,19.073755714285717,1564.4906339711326,1676926.0476190476,0.6224802545131282,0.14485623652627175,1.7098229260758167,0.297699520455486,-0.18068877162277497,-7.271502714334504,False
244,0,12,1016.2307692307692,13,13,True,6.54565964428096,16.91109623076923,2379.4489947077486,2407656.6153846155,0.6249841268562373,0.14493401937496966,1.6918736237420249,0.30214593518530114,-0.1462282917915654,-96.0102812367049,False
245,0,13,1015.9285714285714,14,14,True,6.552585107239172,16.906067357142856,2244.4527833475254,2252436.1428571427,0.647421693956899,0.14758732783310924,1.6966512173160713,0.3044613321230994,-0.15504654526383813,-61.936988379402784,False
246,0,9,1400.5,10,10,True,10.598281013130844,23.3057205,2436.4784314409435,3371570.8,0.7828591727245702,0.17453185385789977,1.7092253611762434,0.2925551282168822,-0.16688176462881202,-196.9026099301673,False
247,0,29,1176.7586206896551,29,30,False,8.22039649993285,19.58244020689655,1488.1523963542681,1691640.6206896552,0.6711146841984086,0.14590407478536924,1.693722438532193,0.2997344231166685,-0.17725155046341512,,
248,0,20,1220.7619047619048,21,21,True,8.626698563110315,20.314698857142854,2313.3271958060222,2793483.4285714286,0.5810817517221443,0.13781971796549447,1.6802841703810558,0.3104688443703898,-0.09316621860324971,-16.565676256665466,False
249,0,12,1081.6923076923076,13,13,True,7.195583616195927,18.000441692307692,2087.376404062078,2233513.4615384615,0.7001974850948963,0.159497626567641,1.7090663197310056,0.2957556182699529,-0.19312076438294604,-125.1379798197238,False
250,0,16,1005.2352941176472,17,17,True,6.4588905482907295,16.728120529411765,2699.3283246963833,2662642.7647058824,0.582853873820988,0.15637398451451995,1.7134411843773547,0.300247341308456,-0.13807930551602193,-187.30087450309466,False
251,0,18,925.842105263158,19,19,True,5.707234208726421,15.40693847368421,1877.0188382219865,1713601.7894736843,0.6854412120986169,0.15081739598076008,1.6956631925629686,0.2973654496844415,-0.1633460289657524,-145.41460380814664,False
252,0,14,971.5333333333332,15,15,True,6.128553691942709,16.1672862,2228.6424150041435,2139175.0,0.6951816293287418,0.16023349283980057,1.7215933168832764,0.29240651862071676,-0.17535542832010492,58.53171349760632,False
253,0,12,705.6923076923077,13,13,True,3.7905952512103864,11.743425692307692,2427.7214505512693,1705081.0,0.7127516344854736,0.15062297794004603,1.7067235497257487,0.2899146089819377,-0.2152377163677748,-72.97109341194012,False
254,0,14,1142.1333333333334,15,15,True,7.812102179998353,19.0062408,2034.6178207912342,2299134.8666666667,0.6043816548105945,0.127683436793155,1.6459897483044932,0.3065881083440562,-0.13781914434686476,-168.5399882978023,False
255,0,19,769.2777777777778,18,20,True,4.315567862894491,12.8015515,2446.0492828673837,1859160.7222222222,0.6759681029723462,0.15230809645006152,1.6696805388123082,0.29893707596224833,-0.1403580949459983,-35.81037857203392,False
256,0,18,873.3684210526316,19,19,True,5.220674202757187,14.53372389473684,1890.0438755494044,1638713.8421052631,0.7187249415403361,0.15896002536436915,1.7239282021014501,0.28756772499045963,-0.1861347801807832,-55.31800533258665,False
257,0,12,1100.7692307692307,13,13,True,7.424048695127466,18.317900769230768,2160.061259299343,2301595.3846153845,0.6734019792045163,0.15384598682461614,1.6988970668242742,0.2999778560625319,-0.18156337931779926,-353.52093683233477,False
258,0,12,1377.8461538461538,13,13,True,10.378945711431442,22.928737846153844,2907.600841900231,4025840.4615384615,0.637981447300914,0.1726208921167213,1.7146620687715521,0.28783856165529464,-0.18888454510376868,-118.91950176687003,False
259,0,10,1010.0,11,11,True,6.484728172411627,16.80741,2329.239844247527,2341168.727272727,0.7705830735407311,0.15206623315372572,1.6953720087293676,0.2947629416998562,-0.1633405305508132,-39.20994237823973,False
260,0,23,795.9375,16,24,True,4.552983996651541,13.2451959375,2523.949989069551,1985012.9375,0.6308476553149174,0.14418626931518902,1.692724201148957,0.296571070673471,-0.13421418214520006,254.7781385281361,False
261,0,16,1293.0,16,17,True,9.402718282970785,21.516813,1434.9552766901525,1842020.9375,0.6205980327541581,0.13539001594147057,1.6630658415495028,0.31254986122592493,-0.10504095398044226,-36.960868996631156,False
262,0,17,1172.9444444444443,18,18,True,8.14374666053668,19.5189685,1841.2439776454064,2103555.0,0.7064663057549099,0.1445320537424699,1.6950736772465953,0.30376058785613924,-0.13277848088877697,-323.2487644467247,False
263,0,10,710.625,8,11,True,4.24906375143299,11.825510625,1551.2721646487348,1301583.125,0.6484514114319422,0.18938811865067043,1.7240410098762853,0.27705144174500007,-0.22106756583868795,-44.20531298438555,False
264,0,13,997.8571428571428,14,14,True,6.372187567370566,16.605340714285713,2285.515222655963,2266126.9285714286,0.7066551043925159,0.15020181096869853,1.7085837445889787,0.29593386409372885,-0.1824620979283606,1.2234307831860434,False
265,0,10,858.3636363636364,11,11,True,5.0876196237610865,14.284029272727274,2943.6064176766104,2497768.5454545454,0.6849462433010992,0.16269054873192318,1.7041802937494852,0.2901188662438306,-0.20593268894586148,-64.21420808636223,False
266,0,13,1055.428571428571,14,14,True,6.937575760453872,17.563386857142856,1812.420677646203,1893212.0714285714,0.7526492612608822,0.16692775706802615,1.7489855991438226,0.2878325186260761,-0.19251591275625826,-46.621940747406974,False
267,0,10,1036.2727272727273,11,11,True,6.749280719603377,17.244614454545452,1912.6386505329065,1945345.5454545454,0.7391152002847399,0.14923056118541195,1.6932300274409229,0.3027405305446311,-0.166615417819248,-135.47329003011356,False
268,0,10,999.5454545454544,11,11,True,6.3846976008210845,16.63343590909091,2464.3014190064914,2461735.0,0.5618813763054097,0.15286332288228677,1.701498955551307,0.3030412908047915,-0.12800874348330116,-110.38124685485408,False
269,0,18,1188.3684210526317,19,19,True,8.281391320653327,19.77563889473684,2386.557596419446,2815056.8947368423,0.7704373408551142,0.16212842899260424,1.706388643940819,0.29191049328003366,-0.19604668987198282,-97.6481907166261,False
270,0,11,870.1666666666666,12,12,True,5.192572992450621,14.4804435,1880.9837993417434,1617508.5,0.6105115428142588,0.1322230977319214,1.691994704545215,0.3017263204741527,-0.1608482553322673,-74.77737332583226,False
271,0,13,1060.642857142857,14,14,True,6.979273981205139,17.65015778571429,1455.0886936417703,1538395.5,0.7541363891864573,0.15210949519444592,1.7153231305547965,0.29052009305014853,-0.19972765642502627,51.1784729520873,True
272,0,21,1069.7727272727273,22,22,True,7.131653250378548,17.802087954545456,1702.5514616311555,1730759.0454545454,0.5972126197871132,0.1311291370755376,1.6560543503958676,0.3091775725157088,-0.12275565039062264,-42.334378451117594,False
273,0,11,1013.0,12,12,True,6.522610822195747,16.857333,1805.0606209088426,1807979.0833333333,0.7027428712092737,0.1540349344892529,1.6969765254204476,0.29021777626830597,-0.19894868267559676,-74.86571486264002,False
274,0,14,1289.1333333333334,15,15,True,9.367009624476946,21.4524678,2039.5965519592687,2599773.0,0.7678919201840027,0.17269987572337314,1.7608494995859316,0.2848551698227623,-0.21879488737433755,-1.6429541091034392,False
275,0,12,1065.076923076923,13,13,True,7.049434937122849,17.723945076923076,2132.7451475620765,2231458.923076923,0.4707542167338038,0.12649592802133894,1.636684654793277,0.31729318520756483,-0.10756888261998822,-197.73374492034336,False
276,0,15,1366.0,16,16,True,10.199660731907603,22.731606,2119.1332661206925,2884454.5,0.6604186646364002,0.16082441873804743,1.7309863496644369,0.2943009827291807,-0.19955033583323584,-28.137311636627633,False
277,0,18,968.421052631579,19,19,True,6.090704962429161,16.115494736842106,3863.589155354023,3724478.3684210526,0.7182503343237818,0.18178146345504212,1.724407944824816,0.2847324075152387,-0.1896126271265011,-56.79737170421801,False
278,0,11,917.6666666666666,12,12,True,5.625470229893517,15.270890999999999,2463.4502492625916,2221994.5,0.5573466333742172,0.12573719841584505,1.6232065859609959,0.31536246450014893,-0.12558905581328525,-158.58669732369268,False
279,0,22,1432.409090909091,22,23,True,11.013329404008095,23.83671968181818,1931.2482132666412,2687099.909090909,0.5864605403462628,0.13366674593452677,1.6526462295783941,0.31227762878102977,-0.11646233264550904,-52.45654244722422,False
280,0,20,1283.095238095238,21,21,True,9.292483130221433,21.351987857142856,2524.7200854553553,3228581.3333333335,0.7568825714192875,0.16781527996237072,1.7131383969402554,0.2935620691958996,-0.17232501933811634,9.852635240240147,False
281,0,14,1375.0,15,15,True,10.32459008204535,22.881375,2327.284481958953,3144839.2,0.6695350924993705,0.14495208401168017,1.6914087148107193,0.3069871574340824,-0.13869700153579856,-172.97121308573307,False
282,0,12,899.0769230769231,13,13,True,5.450047584460866,14.961539076923076,2507.472619931807,2235779.923076923,0.6706950659527645,0.1371457413803577,1.664666159918774,0.2958912614980172,-0.1938466592200587,-160.23104305495235,False
283,0,13,1111.071428571429,14,14,True,7.497856155648661,18.489339642857143,2811.415806705317,3061136.0,0.6735513433150698,0.1484824195641799,1.6844605048172419,0.295160981224873,-0.17197541935911456,-306.2780422354425,False
284,0,15,1067.9375,16,16,True,7.067143514088857,17.7715479375,1695.4207159824778,1777976.125,0.7201790122291191,0.15134903594930754,1.6940202349247075,0.29750381203428766,-0.15775205897017855,19.804546029095764,False
285,0,11,631.3333333333334,12,12,True,3.2171509904611546,10.506018,2306.405890540197,1423120.9166666667,0.4227997034383755,0.12114454638076781,1.677690847409193,0.3164300619897759,-0.08654291384834802,-177.89933835831164,False
286,0,15,884.0625,16,16,True,5.337938531965442,14.7116840625,2592.6112330309256,2223064.5625,0.6418310844643036,0.1654774216170552,1.7261620816212797,0.28672778303925783,-0.20064582588637994,-193.76711686355785,False
287,0,17,737.7777777777778,18,18,True,4.059632295519961,12.27736,2201.5355844534,1600280.2222222222,0.7102557257555685,0.17579789704903806,1.7675364890341652,0.2781363324556072,-0.23900476094562018,-198.70899545019432,False
288,0,19,876.85,20,20,True,5.254121901580175,14.59166085,1877.6065371940683,1626342.25,0.7752549243938829,0.17250102096035558,1.7716057277399446,0.2828068124735721,-0.2052694425084766,25.32009000946647,False
289,0,15,873.5625,16,16,True,5.219215970804534,14.536953562499999,1704.8196820152157,1480094.1875,0.7520217769514371,0.17798324072795624,1.763499671257374,0.2787611221017035,-0.22859843185825265,33.37235052110617,True
290,0,16,1010.8235294117648,17,17,True,6.517728542007261,16.821114352941176,1483.3952721291332,1456626.3529411764,0.6629174811231889,0.15614413232818353,1.7299082568712494,0.2964612734452891,-0.15873770363269493,-200.72892671260058,False
291,0,14,1040.4666666666667,15,15,True,6.801249699949316,17.3144058,2210.829649207657,2263949.6666666665,0.5791190514301975,0.12092461421295951,1.663038434614034,0.3093924579030252,-0.13075562348361663,-9.218099615931463,False
293,1,18,746.5555555555555,18,18,True,4.152740976948907,12.423431,3102.849207186767,2279634.0,0.48770397299654394,0.14308968943387762,1.6930774780523639,0.302064288682515,-0.1500283667187233,-318.94627320013564,False
294,1,29,989.5862068965516,29,29,False,6.298567336842286,16.467704068965517,1474.7052769684362,1429134.6896551724,0.5626211720409963,0.13594561048135284,1.670662546811511,0.3070024017282253,-0.13894368774281596,,
295,1,29,803.0370370370371,27,29,False,4.718305420732556,13.363339333333332,2196.5949566710933,1618399.851851852,0.5980627090635567,0.15750170334145577,1.680605252459234,0.2915796160795059,-0.16165568007604833,,
296,1,12,936.25,12,12,True,5.787169379620913,15.58013625,2411.193431838915,2255851.75,0.5431536211546354,0.0709194452253366,1.5444437691013775,0.32866947887758596,-0.1230120875097339,-139.87505852312935,False
297,1,29,1255.357142857143,28,29,False,8.99372569115022,20.890398214285714,1075.4434500961877,1343266.0357142857,0.6318834863820584,0.13489035710665975,1.682910372961707,0.3114491597132868,-0.10199949269487364,,
298,2,14,797.8333333333334,12,13,True,4.555715705636638,13.2767445,970.647857928348,768567.3333333334,0.8532716036885155,0.1630145775062124,1.757734792265432,0.2875958133086462,-0.2042263580197956,16.30520959808386,False
299,2,8,870.0,7,7,True,5.2431139022340085,14.47767,1982.12446985177,1679634.0,0.5477561666915008,0.1038317571743201,1.6440875530512282,0.3272428568047138,-0.13686159620003213,-62.731890343925855,False
300,2,14,995.0769230769232,13,13,True,6.364143144231948,16.559075076923076,2728.9401596403745,2659383.846153846,0.5817093098199559,0.13193373383735854,1.7147716409969758,0.2957625232701955,-0.1526944931022568,-115.80345903481616,False
301,2,20,925.1111111111112,18,19,True,5.695344207076928,15.394774,2462.423553013138,2268661.611111111,0.5068900579807326,0.1285324445327129,1.7018984117942646,0.297488038742846,-0.16144321326576067,42.39616367963307,False
302,2,11,787.5555555555555,9,10,True,4.466221263778661,13.105711999999999,1687.8894660064975,1322936.111111111,0.5547045066538686,0.15416094859621068,1.7049330735356554,0.29861072300910874,-0.14442462817982823,-84.60863699066475,False
303,2,19,1036.7777777777778,18,18,True,6.752282060604618,17.253019,1669.6624754879126,1717672.4444444445,0.6523731032788903,0.13729373452470467,1.6754366485321615,0.30138345401724215,-0.1499566155962991,-15.768322833334082,False
304,2,11,973.0,9,10,True,6.1326858695523585,16.191693,2129.629113426532,2064516.7777777778,0.592437121117234,0.171783614610645,1.7690136863475565,0.2849007942047374,-0.19496186120426423,-91.51999813909997,False
305,2,11,851.7777777777778,9,10,True,5.024136628835733,14.174433999999998,2259.968502308731,1924065.2222222222,0.49864471400807947,0.11234704900479703,1.660064685786376,0.31045559878997364,-0.12659684782741254,-129.5602264655865,False
306,2,13,672.2,10,12,True,3.5374604389751965,11.1860802,2182.332488349507,1445062.0,0.5696245194775443,0.17823062651794416,1.7335132148254566,0.28602446832130785,-0.1775848840292223,-240.4965196976627,False
307,2,21,1030.642857142857,14,20,True,6.687223996377226,17.150927785714284,2605.7450025428357,2667360.6428571427,0.8221643585394899,0.17749879980438707,1.6822161433702763,0.2840040994925096,-0.22601257435980232,44.713859723874926,False
308,2,14,406.44444444444446,9,13,True,1.6611272435463542,6.763642,455.0005803122203,182328.88888888888,0.3556513392884517,0.05984051922774341,1.0730188409231183,0.4164900472700512,-0.010968447758569193,-24.423229742555492,False
309,2,9,1122.571428571429,7,8,True,7.597627305975688,18.68071114285714,2734.8812529372713,3067818.0,0.544002549198913,0.13036094191087533,1.628045566571615,0.31572236783478125,-0.13395034725744073,-47.429720291364085,False
310,2,9,1018.0,6,8,True,6.566990121304204,16.940538,2069.9811449634294,2086826.8333333333,0.5721582267874551,0.10119530112792342,1.6500723477216,0.3082906181715512,-0.16331201474320609,-143.9893457867575,False
311,2,19,1107.611111111111,18,18,True,7.447754080585252,18.4317565,1747.844938255188,1925561.611111111,0.7466393293972956,0.16519790910278168,1.7379504089181814,0.29165169697761795,-0.16650245444505563,-22.667761672233205,False
312,2,18,882.1764705882352,17,17,True,5.298954976944771,14.680298647058821,1454.9768053462576,1271419.5882352942,0.7570944206688265,0.1659287975114318,1.752981042032133,0.2818060891060491,-0.20007286691885634,-51.06958214440774,False
313,2,11,1043.888888888889,9,10,True,6.812012214716052,17.371355,2389.940419866974,2495114.6666666665,0.4917563112206563,0.07273209683154042,1.5362060209273396,0.33990752312570227,-0.10682960612458016,-111.39293967760422,False
314,2,15,847.2142857142857,14,14,True,5.004163216598997,14.098492928571428,1869.5060143333292,1557231.9285714286,0.8213564493696921,0.17913505008102354,1.751297729638906,0.2775742022963533,-0.24346884069457062,32.872315800077864,True
315,4,18,1197.7857142857142,14,15,True,8.38948843369043,19.93235207142857,2422.185626041624,2872736.0,0.5993959864417686,0.132671274568626,1.7276700574410302,0.2977923775358163,-0.18212411642165086,-65.99023150093161,False
316,5,11,324.0,4,7,True,1.177696938358065,5.391684,383.1062305873771,124338.0,0.4690238925081145,0.06322989305506621,1.063057786816525,0.4239536610564186,-0.0008136092935825311,49.02530591141511,False
318,5,22,1392.3333333333333,15,18,True,10.512010379351379,23.169819,1802.1640989836726,2493748.533333333,0.4313356571461418,0.09968961132614472,1.6165396284017235,0.3216976681174263,-0.08673042350743608,-112.40492918069367,False
320,5,19,1130.1333333333334,15,15,True,7.680960468362229,18.806548799999998,1534.1123197623172,1716999.1333333333,0.5141112817880639,0.1084351043312358,1.6419672585620497,0.31636855066908787,-0.111193899748274,-44.274157490513645,False
323,8,11,1008.75,4,4,True,6.467864058477082,16.78660875,1457.3092017677673,1468060.75,0.5441240932140612,0.10416782387865965,1.6208396488525008,0.31944169403890205,-0.0898162377327124,-159.16123176453797,False
328,12,20,1100.8,5,9,True,7.571252940878433,18.318412799999997,2049.0827179817124,2180012.4,0.37372833621967605,0.08052375951592541,1.3951797153847771,0.3615740688980006,-0.07951817708141518,48.2046077295909,False
336,18,29,905.375,8,12,False,5.552848628034578,15.066345375000001,949.8951978348247,826190.25,0.5315610807909282,0.12471689623826318,1.577211959722317,0.31433613177784525,-0.13887507315730835,,
