track_id,offset,peri_core_asymmetry,delta_from_baseline
1,-3,-0.0734151599454397,0.0
1,-2,-0.12133628942036079,-0.04792112947492108
1,-1,-0.11854274879639261,-0.0451275888509529
1,0,-0.0914356349480703,-0.018020475002630598
9,-3,-0.0953458124083874,0.0
9,-2,-0.07874398871745268,0.016601823690934714
9,-1,-0.08112694688645575,0.014218865521931648
9,0,-0.11112989619918566,-0.015784083790798265
10,-3,-0.058064023018537705,0.0
10,-2,-0.06663768081735859,-0.008573657798820883
10,-1,-0.05928636250809338,-0.0012223394895556766
10,0,-0.05608738027149238,0.001976642747045322
13,-3,0.017497771252864263,0.0
13,-2,0.02927277754551193,0.011775006292647668
13,-1,0.02237192015087117,0.004874148898006907
13,0,0.004164833393000172,-0.013332937859864091
15,-3,-0.08887029723540932,0.0
15,-2,-0.10715567993927123,-0.018285382703861916
15,-1,-0.0917344719514267,-0.0028641747160173814
15,0,-0.10810416765471037,-0.019233870419301052
17,-3,-0.08181644403711479,0.0
17,-2,-0.08593883177806004,-0.004122387740945255
17,-1,-0.06250267429459568,0.01931376974251911
17,0,-0.07343195563375893,0.008384488403355858
20,-3,0.02866353988612173,0.0
20,-2,0.035710890941519684,0.007047351055397954
20,-1,0.01865338830316487,-0.010010151582956858
20,0,0.01333094182439439,-0.01533259806172734
24,-3,-0.21046625879985625,0.0
24,-2,-0.20546861350024082,0.004997645299615439
24,-1,-0.16993050480968763,0.04053575399016862
24,0,-0.0778835631072616,0.13258269569259465
26,-3,-0.07032135969878557,0.0
26,-2,-0.0798452695070834,-0.009523909808297829
26,-1,-0.0619905986583058,0.008330761040479771
26,0,-0.05401583301815507,0.016305526680630504
30,-3,-0.10950790150968272,0.0
30,-2,-0.07863073061548477,0.030877170894197947
30,-1,-0.09448740592241892,0.015020495587263802
30,0,-0.10623116554974935,0.0032767359599333717
33,-3,0.008375342601794853,0.0
33,-2,-0.003720044844730856,-0.012095387446525708
33,-1,-0.05562982865308025,-0.0640051712548751
33,0,-0.05422396340629776,-0.06259930600809262
34,-3,-0.08016174075088983,0.0
34,-2,-0.05910839753538762,0.02105334321550221
34,-1,-0.04664950116460893,0.033512239586280905
34,0,-0.06037724847672077,0.019784492274169063
35,-3,-0.03219877686321066,0.0
35,-2,-0.03263513210793179,-0.00043635524472113163
35,-1,,
35,0,-0.036328278659006175,-0.0041295017957955135
38,-3,-0.13309924485519567,0.0
38,-2,-0.10991852062934011,0.023180724225855556
38,-1,-0.12253663504672395,0.01056260980847172
38,0,-0.06359164966604253,0.06950759518915314
39,-3,-0.06793585901128457,0.0
39,-2,-0.07310245868646914,-0.005166599675184569
39,-1,-0.07133344695995814,-0.003397587948673564
39,0,-0.05650644302994245,0.011429415981342124
42,-3,-0.33151276716630484,0.0
42,-2,-0.3123021926624599,0.019210574503844946
42,-1,-0.31215008329687544,0.01936268386942941
42,0,-0.2804973982157529,0.05101536895055192
43,-3,-0.08696954393936897,0.0
43,-2,-0.07860907289909397,0.008360471040275
43,-1,-0.0754160588287832,0.011553485110585765
43,0,-0.05119313396057671,0.03577640997879226
44,-3,-0.04608651236660218,0.0
44,-2,-0.0625542206439032,-0.01646770827730102
44,-1,-0.07061673306483372,-0.02453022069823154
44,0,-0.07992612834744822,-0.03383961598084604
46,-3,-0.03016821605843855,0.0
46,-2,-0.019031542630813553,0.011136673427624998
46,-1,-0.05420710541165001,-0.02403888935321146
46,0,-0.0558468849489089,-0.025678668890470352
48,-3,0.01774597071303351,0.0
48,-2,0.0209562435554742,0.0032102728424406902
48,-1,-0.01096688247652987,-0.028712853189563382
48,0,-0.001790765585118881,-0.01953673629815239
49,-3,-0.16137953313018658,0.0
49,-2,-0.18018015219341088,-0.018800619063224305
49,-1,-0.0919161350984734,0.06946339803171317
49,0,-0.08691684114457507,0.0744626919856115
54,-3,-0.04317823886867756,0.0
54,-2,-0.062406107490114424,-0.019227868621436862
54,-1,-0.0896917710623276,-0.046513532193650044
54,0,-0.08524179895815227,-0.04206356008947471
57,-3,-0.1491956284391033,0.0
57,-2,-0.15397584928053498,-0.004780220841431676
57,-1,-0.14769858564776756,0.001497042791335751
57,0,-0.13585966283299084,0.013335965606112471
59,-3,-0.18289723507442324,0.0
59,-2,-0.1774063172096895,0.005490917864733741
59,-1,-0.10310178515847722,0.07979544991594602
59,0,-0.07886511111673594,0.1040321239576873
63,-3,0.029469687532900038,0.0
63,-2,-0.0037674237313907095,-0.03323711126429075
63,-1,-0.015668973755498666,-0.045138661288398704
63,0,-0.031512380888525426,-0.060982068421425464
64,-3,-0.030572041360025816,0.0
64,-2,-0.004325627293967181,0.026246414066058633
64,-1,-0.03455529182708786,-0.0039832504670620425
64,0,0.0030235626415472945,0.03359560400157311
68,-3,-0.15985400926008408,0.0
68,-2,-0.12223365113771952,0.03762035812236457
68,-1,-0.09232664624403945,0.06752736301604463
68,0,-0.0260407214699164,0.13381328779016768
70,-3,-0.20565447531793407,0.0
70,-2,-0.1080544164556076,0.09760005886232648
70,-1,-0.08018337396619174,0.12547110135174233
70,0,-0.0740104155627093,0.13164405975522475
72,-3,-0.10531806006034364,0.0
72,-2,-0.08217907039207811,0.023138989668265525
72,-1,-0.0679904942038562,0.037327565856487444
72,0,-0.07025436495030551,0.03506369511003812
74,-3,0.0923561509286325,0.0
74,-2,0.11337687441889142,0.021020723490258922
74,-1,0.11636701610288556,0.024010865174253063
74,0,0.09732620898148725,0.004970058052854748
75,-3,-0.12304539664371296,0.0
75,-2,-0.1071408269839911,0.015904569659721854
75,-1,-0.11183031377515003,0.011215082868562931
75,0,-0.12571743577679123,-0.0026720391330782717
78,-3,-0.014258656878137734,0.0
78,-2,-0.0009231192071474311,0.013335537670990303
78,-1,0.00522504998156632,0.019483706859704054
78,0,-0.023989565538349158,-0.009730908660211424
79,-3,-0.08741560877505773,0.0
79,-2,-0.08516101925380302,0.0022545895212547074
79,-1,-0.08807151051329003,-0.0006559017382322951
79,0,-0.07855223033258944,0.00886337844246829
86,-3,-0.12909394445287609,0.0
86,-2,-0.09086057964891996,0.03823336480395613
86,-1,-0.04695932123113128,0.0821346232217448
86,0,-0.028649101762630025,0.10044484269024606
90,-3,-0.06090363815881401,0.0
90,-2,-0.05539162278527409,0.005512015373539916
90,-1,-0.07670763327872587,-0.015803995119911866
90,0,-0.05755195715402351,0.0033516810047904966
95,-3,-0.12812036945723634,0.0
95,-2,-0.13694973270477406,-0.00882936324753772
95,-1,-0.12136037828725216,0.006759991169984186
95,0,-0.1256702666842334,0.002450102773002949
98,-3,-0.10747885530535775,0.0
98,-2,-0.11453496919294029,-0.007056113887582538
98,-1,-0.10158867640690172,0.005890178898456028
98,0,-0.08876483960559617,0.018714015699761583
99,-3,-0.10647355097630785,0.0
99,-2,-0.08501939076805233,0.021454160208255524
99,-1,-0.08255875051262522,0.023914800463682634
99,0,-0.06752830350805684,0.03894524746825101
102,-3,0.04749950612723165,0.0
102,-2,,
102,-1,,
102,0,0.03414388010997973,-0.013355626017251924
105,-3,-0.08951092985090976,0.0
105,-2,-0.07367139138202104,0.01583953846888872
105,-1,-0.08491912296395505,0.004591806886954708
105,0,-0.06901849730354179,0.020492432547367975
109,-3,-0.14378534610579716,0.0
109,-2,-0.12143098870923492,0.022354357396562233
109,-1,-0.14511607875691654,-0.0013307326511193818
109,0,-0.12492941070868742,0.018855935397109738
111,-3,0.020528092051076433,0.0
111,-2,0.03574322729119296,0.015215135240116529
111,-1,0.014779327878804966,-0.005748764172271466
111,0,0.020829709817918915,0.0003016177668424824
112,-3,-0.01848723658218217,0.0
112,-2,-0.02237284900824383,-0.0038856124260616583
112,-1,-0.050507309543563784,-0.03202007296138161
112,0,-0.03389699788759388,-0.015409761305411707
113,-3,-0.062240524496454105,0.0
113,-2,-0.08245902724946962,-0.02021850275301551
113,-1,,
113,0,-0.06448450026503488,-0.0022439757685807776
114,-3,-0.1114522555705504,0.0
114,-2,-0.10989725086822118,0.0015550047023292213
114,-1,-0.08136021788717263,0.030092037683377773
114,0,-0.07733590632904784,0.03411634924150256
115,-3,-0.02842842952940691,0.0
115,-2,-0.022304232786178418,0.006124196743228491
115,-1,-0.04137330839475136,-0.012944878865344452
115,0,-0.028017060938113205,0.00041136859129370373
121,-3,-0.0924370671046199,0.0
121,-2,-0.1055842398217497,-0.013147172717129813
121,-1,-0.10087483992720901,-0.008437772822589118
121,0,-0.09873877303816964,-0.006301705933549742
122,-3,-0.09653987068647384,0.0
122,-2,-0.07384053676810944,0.0226993339183644
122,-1,-0.10293795024850472,-0.006398079562030881
122,0,-0.11837472609290513,-0.02183485540643129
123,-3,-0.03965053180571094,0.0
123,-2,-0.07220625560396009,-0.03255572379824915
123,-1,-0.11818682549050487,-0.07853629368479392
123,0,-0.13861282004830228,-0.09896228824259135
124,-3,-0.09620958079530346,0.0
124,-2,-0.09291706543553001,0.003292515359773457
124,-1,-0.07269632612001924,0.02351325467528423
124,0,-0.09651645559029928,-0.0003068747949958178
125,-3,0.00794632181074817,0.0
125,-2,0.0024317082041363405,-0.005514613606611828
125,-1,0.022269271197184432,0.014322949386436263
125,0,-0.03949203444929534,-0.04743835626004351
128,-3,0.065630580132992,0.0
128,-2,0.059865198501212684,-0.005765381631779316
128,-1,0.008016857989772646,-0.05761372214321935
128,0,0.057403647799788335,-0.008226932333203665
129,-3,-0.05327710057579268,0.0
129,-2,-0.08144894742135725,-0.02817184684556457
129,-1,-0.09629695988533178,-0.0430198593095391
129,0,-0.060973159584647815,-0.007696059008855137
131,-3,-0.045090570262576166,0.0
131,-2,-0.09416237330826015,-0.04907180304568398
131,-1,-0.1086182696350269,-0.06352769937245073
131,0,-0.10672025190632163,-0.061629681643745465
135,-3,0.00296221441973181,0.0
135,-2,-0.008097674257863962,-0.011059888677595772
135,-1,-0.014165551112176343,-0.017127765531908153
135,0,-0.042923391367989686,-0.045885605787721495
137,-3,-0.16138731058620018,0.0
137,-2,-0.10180869173172599,0.059578618854474186
137,-1,,
137,0,-0.09409104845651206,0.06729626212968812
139,-3,-0.11276347929792654,0.0
139,-2,-0.0912193043719905,0.02154417492593605
139,-1,-0.09413783784904879,0.018625641448877753
139,0,-0.12760238919932365,-0.014838909901397107
141,-3,-0.019479787077792108,0.0
141,-2,-0.03455442608269988,-0.015074639004907773
141,-1,-0.047969734492460926,-0.028489947414668818
141,0,-0.010358489591802654,0.009121297485989454
143,-3,-0.13208937682961072,0.0
143,-2,-0.12535476472009302,0.006734612109517701
143,-1,-0.16485974256945501,-0.03277036573984429
143,0,-0.09635858566678503,0.035730791162825695
144,-3,-0.12191222814794293,0.0
144,-2,-0.09902114969434966,0.02289107845359327
144,-1,0.14680769018894949,0.2687199183368924
144,0,-0.0528786354107387,0.06903359273720423
148,-3,-0.2231138264302113,0.0
148,-2,-0.1937149632491778,0.02939886318103349
148,-1,-0.18494814085803482,0.03816568557217648
148,0,-0.1959204291226139,0.0271933973075974
149,-3,-0.045091239193492276,0.0
149,-2,-0.042440387463259316,0.00265085173023296
149,-1,-0.027048556696126373,0.018042682497365903
149,0,-0.024481625350079524,0.02060961384341275
150,-3,-0.24606694428589374,0.0
150,-2,-0.1731912892717351,0.07287565501415863
150,-1,-0.18373642435545748,0.06233051993043626
150,0,-0.08288741735214165,0.1631795269337521
151,-3,-0.1829752032698712,0.0
151,-2,-0.15519892496956228,0.027776278300308932
151,-1,-0.09330381206855577,0.08967139120131544
151,0,-0.15603663534176124,0.026938567928109974
153,-3,-0.09950553019048908,0.0
153,-2,-0.07703730926776128,0.022468220922727794
153,-1,-0.0769963155486971,0.02250921464179198
153,0,-0.14539116060737717,-0.04588563041688809
156,-3,-0.05773996858670654,0.0
156,-2,-0.030743685304535893,0.026996283282170647
156,-1,-0.006497809563882068,0.051242159022824474
156,0,-0.012631828008023609,0.04510814057868293
157,-3,-0.04336603537715037,0.0
157,-2,-0.060302718223828246,-0.016936682846677875
157,-1,-0.05493808659818678,-0.011572051221036411
157,0,-0.16566532282732996,-0.1222992874501796
158,-3,-0.08244796746409527,0.0
158,-2,-0.08965309247214354,-0.007205125008048263
158,-1,-0.0684800404584221,0.013967927005673175
158,0,-0.08730503951690839,-0.004857072052813119
160,-3,-0.0542753414423954,0.0
160,-2,-0.007811830465806958,0.04646351097658845
160,-1,-0.0034408184341974822,0.05083452300819792
160,0,-0.008030707111855606,0.0462446343305398
163,-3,-0.08137241947539173,0.0
163,-2,-0.09641362743132155,-0.015041207955929822
163,-1,-0.09113614653533351,-0.009763727059941787
163,0,-0.09180367138455596,-0.010431251909164233
164,-3,-0.07182399570333088,0.0
164,-2,-0.07614458698268861,-0.00432059127935773
164,-1,-0.0705274561945437,0.0012965395087871784
164,0,-0.06792436939402872,0.0038996263093021566
165,-3,0.03533672725629014,0.0
165,-2,0.021277012364286713,-0.014059714892003427
165,-1,0.009263633371791992,-0.026073093884498147
165,0,-0.0015734537866075693,-0.036910181042897706
167,-3,-0.1759618405277701,0.0
167,-2,-0.17986932565653674,-0.003907485128766625
167,-1,-0.18230370782709557,-0.006341867299325454
167,0,-0.16510609706846613,0.010855743459303985
169,-3,-0.0876871096491938,0.0
169,-2,-0.06430003589862714,0.02338707375056666
169,-1,,
169,0,-0.04705945191139973,0.040627657737794066
170,-3,-0.078959423586101,0.0
170,-2,-0.08253244032798214,-0.003573016741881138
170,-1,-0.07678682055137122,0.0021726030347297837
170,0,-0.10708118099387791,-0.028121757407776907
171,-3,-0.029371675209246093,0.0
171,-2,-0.03211562270121399,-0.0027439474919679005
171,-1,-0.02123932719826613,0.008132348010979961
171,0,-0.03493585798081865,-0.005564182771572557
172,-3,-0.14923660567921318,0.0
172,-2,-0.08887583540188994,0.06036077027732324
172,-1,-0.09511948065187273,0.05411712502734045
172,0,-0.07626817181468402,0.07296843386452916
173,-3,-0.11549520056079711,0.0
173,-2,-0.1341023290414265,-0.018607128480629384
173,-1,-0.1286682479890498,-0.01317304742825269
173,0,-0.10656325402421318,0.008931946536583926
179,-3,-0.046507570130265054,0.0
179,-2,-0.09719073650235238,-0.05068316637208733
179,-1,-0.08707848541629862,-0.040570915286033564
179,0,-0.08364617799045654,-0.037138607860191485
180,-3,-0.06532466200000371,0.0
180,-2,-0.06704763437340558,-0.0017229723734018682
180,-1,-0.08893026117338629,-0.023605599173382577
180,0,-0.06157241215911863,0.003752249840885083
181,-3,-0.09003792899637253,0.0
181,-2,-0.048167177697061206,0.04187075129931132
181,-1,-0.021786598419696632,0.0682513305766759
181,0,-0.05541789044611807,0.03462003855025446
182,-3,-0.12267021306933996,0.0
182,-2,-0.12711019393609818,-0.004439980866758217
182,-1,-0.0999368728095953,0.02273334025974466
182,0,-0.1370741607478236,-0.014403947678483645
183,-3,-0.024402267096788693,0.0
183,-2,-0.006031447826670388,0.018370819270118306
183,-1,-0.015556440560024075,0.008845826536764618
183,0,-0.03712479479599855,-0.012722527699209854
185,-3,-0.0949796577684387,0.0
185,-2,-0.06896734572139045,0.02601231204704825
185,-1,-0.08510566671729358,0.009873991051145115
185,0,-0.06547121689732777,0.02950844087111093
189,-3,-0.06886111468214481,0.0
189,-2,-0.060475876578194324,0.00838523810395049
189,-1,-0.05653381432981425,0.012327300352330567
189,0,-0.0570502400974192,0.011810874584725614
191,-3,-0.023482901887662756,0.0
191,-2,-0.010133959117480863,0.013348942770181893
191,-1,0.004865447037188725,0.028348348924851482
191,0,0.02628726743271054,0.0497701693203733
196,-3,-0.012559872651296515,0.0
196,-2,-0.02781585736582571,-0.015255984714529195
196,-1,-0.045163266316065334,-0.03260339366476882
196,0,-0.05363081809418055,-0.04107094544288403
197,-3,-0.03860278609672849,0.0
197,-2,-0.05597837354511938,-0.017375587448390885
197,-1,-0.042632589140851766,-0.004029803044123273
197,0,-0.029062802315983856,0.009539983780744637
199,-3,-0.06460290873594868,0.0
199,-2,-0.043989024335093746,0.02061388440085493
199,-1,-0.043462480421683145,0.021140428314265533
199,0,-0.02493086626257179,0.039672042473376884
202,-3,-0.07829289627795069,0.0
202,-2,-0.09378711644882377,-0.015494220170873083
202,-1,-0.12320044455298544,-0.04490754827503475
202,0,-0.10633321775278222,-0.028040321474831528
204,-3,-0.07997293718752244,0.0
204,-2,-0.042744811329597406,0.03722812585792503
204,-1,-0.04030323697387351,0.03966970021364893
204,0,-0.044187338777120305,0.03578559841040213
206,-3,-0.07875478649075374,0.0
206,-2,-0.07850949070884632,0.0002452957819074203
206,-1,,
206,0,0.023374514594710495,0.10212930108546422
207,-3,-0.09556193730593095,0.0
207,-2,-0.06027532247100412,0.03528661483492683
207,-1,-0.054710087653356616,0.04085184965257433
207,0,-0.09394249356304114,0.0016194437428898034
210,-3,-0.03671287175111707,0.0
210,-2,-0.04298049109376024,-0.006267619342643166
210,-1,-0.05618776071788682,-0.01947488896676975
210,0,-0.02741279168728619,0.009300080063830884
211,-3,-0.0890001804634877,0.0
211,-2,-0.09370270846437882,-0.004702528000891118
211,-1,-0.10105854683055494,-0.012058366367067239
211,0,-0.06797861772080041,0.021021562742687294
214,-3,-0.007648859721697378,0.0
214,-2,-0.038882443734920245,-0.03123358401322287
214,-1,-0.04375676645176191,-0.03610790673006453
214,0,-0.016703858900884286,-0.009054999179186908
215,-3,-0.09318978828909308,0.0
215,-2,-0.07858677431357093,0.014603013975522147
215,-1,-0.0883996339126652,0.00479015437642788
215,0,-0.0762620375715751,0.01692775071751798
217,-3,0.03209756344920259,0.0
217,-2,0.0374671133746409,0.0053695499254383106
217,-1,-0.021723376809077006,-0.05382094025827959
217,0,-0.06939928991963544,-0.10149685336883803
219,-3,-0.05965400816018982,0.0
219,-2,-0.06204597912436072,-0.002391970964170896
219,-1,-0.08809982138434704,-0.028445813224157214
219,0,-0.08783898455650611,-0.028184976396316293
220,-3,-0.023393018982888668,0.0
220,-2,-0.020012911555842495,0.003380107427046173
220,-1,-0.04249900520909811,-0.019105986226209445
220,0,-0.03356730956134856,-0.010174290578459894
222,-3,-0.0410489020608963,0.0
222,-2,-0.04069800208452571,0.0003508999763705903
222,-1,-0.03846561696101322,0.0025832850998830786
222,0,-0.038302214224190424,0.002746687836705876
223,-3,-0.09216930915911521,0.0
223,-2,-0.11017947906276687,-0.01801016990365166
223,-1,-0.12611483911742286,-0.033945529958307644
223,0,-0.0756178714011025,0.01655143775801271
231,-3,-0.3904299406780202,0.0
231,-2,-0.33681810656942873,0.053611834108591494
231,-1,-0.3009739622821574,0.08945597839586283
231,0,-0.2512717103957374,0.1391582302822828
234,-3,-0.07273508966844172,0.0
234,-2,-0.05052504579715527,0.02221004387128645
234,-1,-0.07686555558343751,-0.004130465914995787
234,0,-0.039492566842684616,0.033242522825757105
238,-3,-0.04030286111295396,0.0
238,-2,-0.046819273792364995,-0.006516412679411034
238,-1,-0.02921362260138367,0.01108923851157029
238,0,-0.05244181347083105,-0.01213895235787709
242,-3,-0.16626779748544498,0.0
242,-2,-0.15989456186599996,0.006373235619445028
242,-1,-0.13801034908449492,0.02825744840095007
242,0,-0.1572797304903555,0.008988066995089472
243,-3,0.04915841069066242,0.0
243,-2,-0.0078110975062932585,-0.05696950819695568
243,-1,-0.02984375418276568,-0.07900216487342811
243,0,-0.03523665312719612,-0.08439506381785855
244,-3,-0.15456745749938405,0.0
244,-2,-0.15865399896737956,-0.0040865414679955026
244,-1,-0.12127753418464472,0.03328992331473933
244,0,-0.16199737731917963,-0.007429919819795572
245,-3,-0.07414313144601074,0.0
245,-2,-0.05042203868349041,0.02372109276252033
245,-1,-0.12691782671226176,-0.05277469526625102
245,0,-0.1257660866652819,-0.05162295521927117
250,-3,-0.09225081336209609,0.0
250,-2,-0.07764579728830842,0.014605016073787669
250,-1,-0.057271523844249606,0.034979289517846485
250,0,-0.06806092492454617,0.02418988843754992
252,-3,-0.11864813471206556,0.0
252,-2,-0.12495150895992556,-0.006303374247859997
252,-1,-0.09791788416485232,0.02073025054721324
252,0,-0.11356007017087996,0.0050880645411856
253,-3,-0.11068059081137264,0.0
253,-2,-0.11773235317292671,-0.0070517623615540675
253,-1,-0.08261982508082043,0.028060765730552217
253,0,-0.11026631555043863,0.0004142752609340161
255,-3,0.018976043775295975,0.0
255,-2,0.03540865221921905,0.016432608443923077
255,-1,-0.005463188342020019,-0.024439232117315995
255,0,-0.04750841499555417,-0.06648445877085014
256,-3,-0.04080788543438053,0.0
256,-2,-0.05559793755151333,-0.014790052117132801
256,-1,-0.05990074435928202,-0.019092858924901493
256,0,-0.05357496718809492,-0.012767081753714396
261,-3,-0.12924694053382862,0.0
261,-2,-0.10648601647920786,0.022760924054620768
261,-1,-0.09889856327267312,0.03034837726115551
261,0,-0.10110153869680343,0.0281454018370252
262,-3,-0.08633077365131143,0.0
262,-2,-0.08759021824503728,-0.0012594445937258447
262,-1,-0.08934936052306361,-0.003018586871752174
262,0,-0.07952209498431552,0.006808678666995915
265,-3,-0.1688977797903003,0.0
265,-2,-0.15090171254876772,0.017996067241532576
265,-1,-0.15582946998927752,0.013068309801022776
265,0,-0.1099397084162789,0.0589580713740214
266,-3,-0.07172213226432249,0.0
266,-2,-0.05930906842945621,0.012413063834866275
266,-1,-0.14147810153186896,-0.06975596926754647
266,0,-0.07966670598452971,-0.007944573720207224
268,-3,-0.07987039805994639,0.0
268,-2,-0.09765411480616522,-0.017783716746218828
268,-1,-0.1109699458149631,-0.031099547755016707
268,0,-0.11366746343944582,-0.03379706537949943
273,-3,-0.14699967218414764,0.0
273,-2,-0.12592807305510012,0.02107159912904752
273,-1,-0.11909678797754358,0.027902884206604056
273,0,-0.1099187109846989,0.037080961199448745
279,-3,-0.1712152783779609,0.0
279,-2,-0.17683841926124566,-0.00562314088328475
279,-1,-0.18406857954433736,-0.012853301166376452
279,0,-0.1915824967934897,-0.0203672184155288
280,-3,-0.1033073251957458,0.0
280,-2,-0.10221772077978368,0.0010896044159621199
280,-1,-0.07019363362256709,0.033113691573178713
280,0,-0.08415510353472702,0.01915222166101878
286,-3,-0.06010112850543829,0.0
286,-2,-0.048750969743987585,0.011350158761450707
286,-1,-0.07050215227574243,-0.010401023770304135
286,0,-0.0748104710733103,-0.014709342567872014
287,-3,-0.25898090190393,0.0
287,-2,-0.27755176558859823,-0.018570863684668204
287,-1,-0.23910106755998947,0.019879834343940556
287,0,-0.21100413043144262,0.04797677147248741
289,-3,-0.049400278579291204,0.0
289,-2,-0.02770555095930343,0.021694727619987773
289,-1,-0.05927596368819358,-0.009875685108902375
289,0,-0.02981928014095142,0.019580998438339783
296,-3,-0.20154791170268188,0.0
296,-2,-0.17309858978659837,0.028449321916083514
296,-1,-0.09531429209296487,0.10623361960971701
296,0,-0.06595165533975737,0.1355962563629245
297,-3,-0.07504693184966742,0.0
297,-2,-0.07359271452956331,0.0014542173201041037
297,-1,-0.05865047619498958,0.016396455654677837
297,0,-0.057671999102677736,0.01737493274698968
302,-3,-0.0907886391575492,0.0
302,-2,,
302,-1,-0.08755215469352778,0.0032364844640214163
302,0,-0.08409415976710838,0.006694479390440822
304,-3,-0.24686917060540098,0.0
304,-2,-0.21406214920563646,0.03280702139976452
304,-1,-0.19931121101851387,0.047557959586887105
304,0,-0.15236378772778172,0.09450538287761925
306,-3,-0.21036027024115486,0.0
306,-2,-0.20417840664043682,0.0061818636007180405
306,-1,-0.23804939414202891,-0.027689123900874052
306,0,-0.2953522385562123,-0.08499196831505743
310,-3,-0.08637939284394122,0.0
310,-2,-0.09613467343676904,-0.00975528059282782
310,-1,-0.0947763852324383,-0.008396992388497074
310,0,-0.06600530780679054,0.020374085037150685
311,-3,-0.11304599090812904,0.0
311,-2,-0.12024336928110874,-0.007197378372979693
311,-1,-0.1334304333342716,-0.020384442426142554
311,0,-0.13442802032386053,-0.021382029415731488
312,-3,-0.0594336827104532,0.0
312,-2,-0.05310350225450001,0.00633018045595319
312,-1,-0.05409926549175476,0.005334417218698435
312,0,-0.05435135486573802,0.005082327844715177
315,-3,-0.0788880245194388,0.0
315,-2,-0.0889721995666268,-0.010084175047188004
315,-1,-0.10991215834509309,-0.03102413382565429
315,0,-0.07153286947910499,0.007355155040333808
320,-3,-0.05276468877730416,0.0
320,-2,-0.08378224681342802,-0.03101755803612386
320,-1,-0.09483358818865464,-0.04206889941135048
320,0,-0.1299543503147112,-0.07718966153740703
322,-3,-0.1058868537901464,0.0
322,-2,-0.101746254554221,0.004140599235925399
322,-1,-0.10487056217758317,0.0010162916125632249
322,0,-0.09537308268282846,0.010513771107317937
323,-3,-0.07423904426880491,0.0
323,-2,-0.08439527059545379,-0.010156226326648879
323,-1,-0.09204486091390712,-0.01780581664510221
323,0,-0.08017386522909815,-0.005934820960293241
324,-3,-0.03635155052915791,0.0
324,-2,-0.06682921066708276,-0.030477660137924856
324,-1,-0.07585527289153196,-0.03950372236237405
324,0,-0.08846885432576827,-0.052117303796610365
325,-3,-0.09423794917878205,0.0
325,-2,-0.06571249591362238,0.028525453265159664
325,-1,-0.03850548626415588,0.05573246291462616
325,0,-0.028364366226711003,0.06587358295207105
327,-3,0.05675936065681684,0.0
327,-2,0.046630130505066446,-0.010129230151750393
327,-1,0.08552559644864308,0.028766235791826238
327,0,0.04022031198706341,-0.016539048669753427
328,-3,-0.030150797487910008,0.0
328,-2,-0.07344644805597199,-0.04329565056806198
328,-1,-0.0813959195099001,-0.051245122021990094
328,0,-0.08442096188277043,-0.05427016439486042
334,-3,-0.006401793999402368,0.0
334,-2,0.0035529270596947344,0.009954721059097102
334,-1,0.03477074239871597,0.04117253639811834
334,0,0.0035101061196952197,0.009911900119097587
337,-3,-0.25894379501020515,0.0
337,-2,-0.2400760230230861,0.01886777198711906
337,-1,-0.21980834603818375,0.0391354489720214
337,0,-0.10573249380569384,0.15321130120451132
338,-3,-0.03913388934526846,0.0
338,-2,-0.05896668284223001,-0.01983279349696155
338,-1,-0.06944409886191398,-0.030310209516645523
338,0,-0.06033370923607921,-0.021199819890810753
342,-3,0.023785789243474943,0.0
342,-2,-0.023472009276024514,-0.04725779851949946
342,-1,-6.146449005028109e-06,-0.023791935692479973
342,0,-0.043123644251626896,-0.06690943349510184
343,-3,0.0390139734926109,0.0
343,-2,0.014510968323043208,-0.024503005169567688
343,-1,-0.004796965102729464,-0.04381093859534036
343,0,-0.0027974053127584808,-0.04181137880536938
345,-3,-0.10605374233738019,0.0
345,-2,-0.09381600536414635,0.01223773697323384
345,-1,-0.10850882978166122,-0.002455087444281037
345,0,-0.08830396851935035,0.017749773818029835
347,-3,-0.09925046725370429,0.0
347,-2,-0.0676215531520998,0.03162891410160448
347,-1,-0.08764059640671866,0.011609870846985629
347,0,-0.08166613113257003,0.01758433612113426
348,-3,-0.0051437617355044405,0.0
348,-2,-0.04312126970319401,-0.03797750796768957
348,-1,-0.09559456384376713,-0.09045080210826269
348,0,-0.09468377186952484,-0.0895400101340204
353,-3,0.00426756371457868,0.0
353,-2,0.007045910542537555,0.0027783468279588743
353,-1,0.017457062569844486,0.013189498855265807
353,0,-0.11832957570182252,-0.1225971394164012
354,-3,-0.34614523806457703,0.0
354,-2,-0.33700829400471205,0.009136944059864982
354,-1,-0.3273298714830693,0.01881536658150773
354,0,-0.30014282016067817,0.04600241790389886
355,-3,-0.0678144318411487,0.0
355,-2,-0.07787381777633905,-0.010059385935190346
355,-1,-0.07099000604693498,-0.0031755742057862774
355,0,-0.06675558813213017,0.0010588437090185282
357,-3,-0.1685133614571886,0.0
357,-2,-0.1378679955511464,0.030645365906042193
357,-1,-0.09788535062364456,0.07062801083354403
357,0,-0.12478066783227162,0.04373269362491697
360,-3,-0.0630654401531036,0.0
360,-2,-0.06200264778286597,0.0010627923702376321
360,-1,-0.12420760714219939,-0.06114216698909579
360,0,-0.07524972955892864,-0.012184289405825041
361,-3,0.05462092715363197,0.0
361,-2,0.02411102678579414,-0.03050990036783783
361,-1,0.03585474001014614,-0.01876618714348583
361,0,-0.02444985164399492,-0.07907077879762689
366,-3,-0.02071972086155319,0.0
366,-2,-0.049247650022355094,-0.028527929160801904
366,-1,-0.071606127503243,-0.05088640664168981
366,0,-0.08171993076067934,-0.06100020989912615
372,-3,0.03381218668810338,0.0
372,-2,0.03842621365426391,0.004614026966160527
372,-1,0.023186734704831506,-0.010625451983271875
372,0,-0.029827487984251132,-0.06363967467235451
376,-3,-0.07467454719311468,0.0
376,-2,-0.09318627366192223,-0.01851172646880754
376,-1,-0.061933272780051125,0.01274127441306356
376,0,-0.08773247092384505,-0.013057923730730364
378,-3,-0.0289779037911194,0.0
378,-2,,
378,-1,,
378,0,-0.024859453284345103,0.004118450506774295
380,-3,-0.022343599189810954,0.0
380,-2,-0.016540569611087092,0.005803029578723862
380,-1,-0.004828743609774448,0.017514855580036508
380,0,-0.01317620327966171,0.009167395910149244
382,-3,-0.10790823231019783,0.0
382,-2,-0.11146960946878245,-0.003561377158584622
382,-1,-0.09526110383158928,0.01264712847860855
382,0,-0.08871925085247169,0.019188981457726142
387,-3,-0.05423592481448913,0.0
387,-2,-0.059137216374233,-0.004901291559743871
387,-1,-0.05251853288188177,0.001717391932607358
387,0,-0.04401948035937681,0.010216444455112314
389,-3,-0.10301934897989662,0.0
389,-2,-0.09460335609274402,0.008415992887152599
389,-1,-0.09544675344101532,0.007572595538881302
389,0,-0.09211526675919125,0.010904082220705366
390,-3,-0.031227917599270343,0.0
390,-2,-0.06841174424174791,-0.03718382664247757
390,-1,,
390,0,-0.05184517619183326,-0.020617258592562915
393,-3,-0.08285886989090638,0.0
393,-2,-0.07004956908827045,0.012809300802635926
393,-1,-0.06457077340528194,0.018288096485624433
393,0,-0.07099418779071553,0.011864682100190843
394,-3,-0.05221345777321826,0.0
394,-2,-0.051840341617333495,0.00037311615588476316
394,-1,,
394,0,-0.026247763587266285,0.025965694185951974
