track_id,first_frame,last_frame,mean_area,num_detections,lifetime,disappeared,mean_volume,mean_surface_area,mean_fluor_intensity,mean_fluor_total,mean_cv,mean_nnrm,mean_edge_distance_norm,mean_gaussian_sigma_norm,preburst_slope,preburst_spike
1,0,18,610.1052631578947,19,19,True,3.0804083352993494,10.152761684210526,1729.535558549145,1025517.2631578947,0.7158994667625737,0.13557995125520886,1.4008032748053172,0.2922755905012597,-57.7817227432347,False
2,0,24,1071.64,25,25,False,7.1028689476786235,17.83316124,2725.2611942034646,2873996.24,0.5179331072528748,0.1119453242512047,1.6049404340927003,0.3341153440400545,,
3,0,24,760.6,25,25,False,4.263715195804501,12.657144599999999,1787.6077908964942,1340530.36,0.5282591605777783,0.11134252497574051,1.6030834319495741,0.32946562181567546,,
5,0,24,1009.0,25,25,False,6.505544541492931,16.790769,1853.9582614176543,1845799.0,0.5561394833606436,0.11245075690266235,1.6532933587492664,0.31769502832430047,,
6,0,24,1268.4,25,25,False,9.31076081051446,21.1074444,1335.5615152068888,1531847.24,0.6445939605511435,0.10597105278165009,1.5788247851381436,0.328931674405278,,
7,0,24,1649.76,25,25,False,13.540875156366678,27.45365616,2729.6547940411583,4496651.96,0.5635022424167488,0.11106669975073653,1.4765472561436277,0.36056421450801096,,
8,0,15,1084.5625,16,16,True,7.319268784303084,18.048204562499997,2512.4653746821946,2543051.3125,0.6691341981381296,0.14453264833347723,1.6464977069765099,0.3116297944961545,-401.56970815469253,False
9,0,15,851.4375,16,16,True,5.028071449240208,14.168771437499998,3122.4233200203844,2644369.9375,0.5061293150810813,0.10213671347079206,1.5749339899187509,0.33138134519868817,-66.60614532444066,False
10,0,24,1143.68,25,25,False,7.860098498159122,19.03197888,2232.6653189847207,2500694.88,0.4798305603925948,0.09813827052019874,1.598057487732642,0.3411436374075559,,
11,0,24,1101.88,25,25,False,7.5516271024317625,18.33638508,1831.319809979726,1842061.52,0.4194270973200141,0.10409193343668273,1.4723756276903857,0.363001958870677,,
12,0,17,941.3888888888889,18,18,True,5.862734089918628,15.6656525,2543.462370812492,2359604.5555555555,0.2977291117085531,0.07228665683926412,1.5483125348639089,0.3663533602785756,-73.7958644690294,False
13,0,24,791.8,25,25,False,4.522330392235599,13.1763438,1938.4831350661168,1516590.2,0.4301755383457161,0.07435135983871616,1.6056733488329291,0.33946752693190924,,
14,0,14,1540.6666666666667,15,15,True,12.407602505190544,25.638234,1722.588492941558,2392586.2,0.41224500360495525,0.08494331116939495,1.5282836751056232,0.35572006396954253,-68.18934323997597,False
15,0,24,1257.88,25,25,False,9.076084131726407,20.93238108,2300.1828316620263,2830359.28,0.38494976661629776,0.07374383323784434,1.5112843477225775,0.3601245274565917,,
16,0,12,1260.5384615384614,13,13,True,9.080165885086892,20.976620538461535,1526.0814231435438,1885684.923076923,0.35885775067654513,0.0638368029932385,1.557135272175123,0.3450408357106775,-51.00938382526693,False
17,0,24,931.68,25,25,False,5.807772037926838,15.50408688,2737.3516929834454,2451869.32,0.47476261627582245,0.1000625720383693,1.575734196186755,0.3327626882261655,,
18,0,24,1458.44,25,25,False,11.301951663578897,24.269900039999996,2470.800262070436,3529015.32,0.4639647631990713,0.08697210630473623,1.5603225706618824,0.34078079221538543,,
19,0,19,1084.35,20,20,True,7.242537038734774,18.044668350000002,3223.3585903912285,3436457.0,0.4787122745381479,0.08430448165535555,1.5561923521194054,0.3448439192525687,-253.6857252082091,False
20,0,16,813.1764705882352,17,17,True,4.685772546183185,13.532069647058824,2401.250788625035,1948208.8235294118,0.3056250554794368,0.10526887083032696,1.4255883345187315,0.3757415526604775,23.785317253355412,True
21,0,24,840.24,25,25,False,4.9709441430136545,13.982433839999999,2454.4590948439263,1992221.52,0.5072026014848356,0.10935093760941048,1.573836741759302,0.3218486012674992,,
22,0,24,1340.44,25,25,False,9.987271718713572,22.30626204,1922.778307463904,2548596.76,0.48875062482579507,0.09520860879851174,1.530263660604537,0.3487697312888534,,
23,0,24,837.56,25,25,False,4.983182808244348,13.93783596,1665.2956220277015,1285262.8,0.29693082802119564,0.07919388885605462,1.477304314247726,0.3688137416193865,,
24,0,11,858.25,12,12,True,5.088541616349377,14.282138249999997,2829.5867605500334,2400737.5,0.7903555589217753,0.17488397056442814,1.6907768738943663,0.27512815908862126,-78.47295598409201,False
25,0,24,1597.68,25,25,False,12.92871581378577,26.586992879999997,1693.026286308119,2694980.8,0.45587679500378087,0.09230300515082657,1.54363247452273,0.35139299663844803,,
26,0,24,773.32,25,25,False,4.362654907202333,12.868818119999998,2384.61173455778,1817774.0,0.40622927525021346,0.07690616189602972,1.57454011242012,0.3432277874200085,,
27,0,24,771.32,25,25,False,4.348288658238915,12.835536119999999,3192.761642007429,2424730.44,0.3248382325244513,0.06970447829630488,1.5806574253573689,0.3405656707499462,,
28,0,24,1084.96,25,25,False,7.275750957115817,18.05481936,2115.133668155321,2242057.16,0.5208276254974792,0.10842855984539065,1.5883289892415502,0.3370564176706094,,
29,0,21,1007.3636363636364,22,22,True,6.511978379186375,16.76353827272727,2261.9644443020666,2219837.4545454546,0.5470173880475839,0.1051426300511292,1.563637540704624,0.33426535380219635,-42.48703749118694,False
30,0,24,1425.04,25,25,False,10.912553827024722,23.71409064,1400.5139778442017,1973734.32,0.4845410152828378,0.09886498619595292,1.5053337145787629,0.37038933009160746,,
31,0,5,596.0,4,6,True,2.9557584029047126,9.918035999999999,3135.1263926980896,1886734.25,0.289157595018949,0.05251585289860755,1.2341365149010906,0.41227026942938744,-67.04199769795503,False
32,0,18,1020.2222222222222,18,19,True,6.681615113588766,16.977518,2156.811713067125,2086117.0,0.44693143747703323,0.06444155501998643,1.4073853377229812,0.3596473884540432,-116.99728713978212,False
33,0,22,1295.0869565217392,23,23,True,9.428765692646346,21.55154204347826,2966.5771057083825,3827289.9565217393,0.3603400324787885,0.09949864730258524,1.4974124287686352,0.35826031332953395,-1.2217598496151347,False
34,0,23,1205.904761904762,21,24,True,8.554144701165828,20.06746114285714,2904.403263735778,3429243.1428571427,0.3160516792664769,0.09687810923938793,1.2911621745391921,0.39154264307680464,-70.54551894569268,False
35,0,24,856.52,25,25,False,5.095802761710732,14.25334932,2172.459311162595,1830575.24,0.5364663255617867,0.09604094235111786,1.506376983151145,0.3330202231018462,,
36,0,24,772.0833333333334,24,25,False,4.347964072006194,12.84823875,2006.01573070584,1534824.3333333333,0.48288071922856907,0.08103067395159823,1.5497495444277352,0.32934636277011564,,
37,0,20,799.3888888888889,18,21,True,4.592261828105429,13.3026305,2335.754934352104,1805788.7777777778,0.7217483614435439,0.14901992640835365,1.6896781497479183,0.2999699216590365,-118.25667116031266,False
38,0,20,1104.5714285714287,21,21,True,7.466691874402424,18.381173142857143,2770.013151129977,2968979.285714286,0.6255613946814207,0.13761717579351804,1.6217105216662202,0.30877420399078453,-77.69972739826338,False
39,0,14,936.4,15,15,True,5.804137274350158,15.5826324,2961.8794918522767,2746532.2,0.7148706409372381,0.172614019618139,1.7489064397847258,0.2864767174534997,-72.11420734825822,False
40,0,24,1017.64,25,25,False,6.585126168354796,16.93454724,2454.3937234059413,2462087.72,0.40702407777165533,0.08874212665474554,1.5673101659510253,0.3493416455564084,,
41,0,10,687.3636363636364,11,11,True,3.647260800053914,11.438418272727272,3634.8434650756535,2486816.090909091,0.7584042595781443,0.19222212012964252,1.7830986896449532,0.2573437045550431,-62.4265434474583,False
42,0,13,820.5384615384615,13,14,True,4.75541322539774,13.654580538461538,1883.6319075312158,1537944.3846153845,0.7011629363354028,0.14765221830898184,1.6889580028617734,0.3123323962124134,-43.81757368121098,False
43,0,24,850.24,25,25,False,5.0306472918036915,14.14884384,2573.730389765501,2161858.96,0.49525313716262404,0.09054321332792953,1.4853837390465678,0.3522811047552551,,
44,0,16,1252.5882352941176,17,17,True,9.122587889440958,20.84432082352941,2337.2899588538617,2648904.411764706,0.36319844309584004,0.07066952154124834,1.4281797729574148,0.3637162604245636,-96.76648425899421,False
45,0,24,1300.36,25,25,False,9.581862694681162,21.639290759999998,1934.9873128969866,2412468.0,0.45033100340196713,0.08667741365427553,1.4543690708289292,0.3651286590949677,,
46,0,9,772.2,10,10,True,4.3613428792298015,12.8501802,1736.2802224251718,1344806.5,0.3106934291244143,0.05424297186526642,1.4527347973870377,0.35648084863238527,-42.88484344974974,False
47,0,20,812.3809523809524,21,21,True,4.69632941996097,13.51883142857143,2225.3770434132193,1764084.9523809524,0.6385501176552859,0.14679135078088817,1.6814040948334563,0.3003204497916858,-138.24147432624406,False
48,0,24,1196.0,25,25,False,8.420626945702358,19.902635999999998,2278.7264059609397,2651369.36,0.4445450276972799,0.10012587653557245,1.5405332687043947,0.35362460229142584,,
49,0,24,1050.28,25,25,False,6.908359937379415,17.477709479999998,2648.1597067937155,2752480.72,0.37552826993700333,0.09763132848796491,1.5615088172122744,0.34860426081322593,,
50,0,24,1131.52,25,25,False,7.692736588213934,18.82962432,2749.649669495312,3110479.84,0.35488391622198284,0.09459673716171352,1.498195490603288,0.36485138351915436,,
51,0,24,886.68,25,25,False,5.351881662907217,14.755241879999998,2187.449210591116,1923352.92,0.4133117548788228,0.07712632386647396,1.591379915385274,0.34305526423427496,,
52,0,17,1237.1666666666667,18,18,True,8.821106603179452,20.587690499999997,4094.952970555227,5025177.888888889,0.5684484002989225,0.10497759864038878,1.5573732241983482,0.3344415872546124,-261.62901203201574,False
53,0,24,1096.72,25,25,False,7.418381719552233,18.25051752,2236.7781406484182,2378058.64,0.4161199299002922,0.08327654116683329,1.4307773339788143,0.3651287519359026,,
54,0,24,1007.16,25,25,False,6.475250595132463,16.76014956,2451.570913214309,2448615.24,0.4562375427435439,0.10198402566673966,1.6228712626001138,0.3376170854436322,,
55,0,24,1252.56,25,25,False,8.984577942958309,20.84385096,2987.618993861627,3679424.16,0.47478763119645967,0.10689849171204212,1.5810581157238293,0.33524772463579966,,
56,0,15,1029.4375,16,16,True,6.745262094048473,17.1308694375,3861.3715948459303,3810627.75,0.7180783431273671,0.154108315170719,1.67340118705208,0.30475710944753504,-409.04222426468004,False
57,0,24,967.0,25,25,False,6.085165583362316,16.091847,2636.522023931344,2535888.16,0.5129609786882785,0.11809912690345457,1.6347119339898446,0.3305461355975339,,
58,0,24,1012.48,25,25,False,6.540486760985984,16.848679679999996,1922.6753786823642,1917658.6,0.5130959736906991,0.10168162657325734,1.5976068561970718,0.33430198706962555,,
59,0,24,1448.32,25,25,False,11.263225867809753,24.10149312,2781.983527889878,3860787.92,0.47394014331867473,0.08575904091944736,1.530538607865773,0.34721263423551135,,
60,0,20,933.2857142857143,21,21,True,5.802480127359205,15.530807571428571,2226.721708994333,2041217.0,0.39469819629119673,0.0951549359787102,1.5086341474300873,0.36152476633356506,3.7742210429853515,False
61,0,24,1058.88,25,25,False,7.113852885635047,17.62082208,1598.7706573902053,1525957.96,0.805423554814222,0.15289172169339843,1.6636189778983534,0.29151642724669974,,
62,0,24,1430.4,25,25,False,10.984397185908865,23.803286399999998,1589.6737051404425,2236125.36,0.4836539256797429,0.09353078020732816,1.5161187821735262,0.35096921296086014,,
63,0,24,1355.88,25,25,False,10.111700099728257,22.56319908,2901.9260037614954,3903231.2,0.4777013153074829,0.09892660141724255,1.572570655969303,0.3479367355337116,,
64,0,24,1157.52,25,25,False,8.058490151619115,19.262290319999998,2255.2132793777437,2504458.92,0.5039391209021042,0.0854247127523076,1.5028577542401762,0.3375933555745936,,
65,0,24,1269.88,25,25,False,9.229843019341494,21.13207308,2824.6754504022083,3434079.84,0.3894952621690216,0.08830005767967343,1.5334463117617494,0.35683063005653154,,
66,0,18,949.1052631578947,19,19,True,5.913678376678964,15.794060684210526,3279.6870663889526,3099695.0,0.35485054677059685,0.10135247776024646,1.44937803143532,0.3712516418637944,-21.822228958980254,False
67,0,13,777.0,14,14,True,4.380820759635577,12.930057,2424.5908809033895,1874068.857142857,0.6853230659877075,0.14233336678288938,1.6505495045091005,0.2930745678761208,-11.65098616318173,False
68,0,11,879.8333333333334,12,12,True,5.405886350057416,14.6413065,3102.5941231906004,2506472.9166666665,0.6340395679794758,0.1554558036806695,1.666527613197992,0.2957446886676864,-614.6818557829595,False
69,0,24,1081.304347826087,23,25,False,7.218889851417997,17.99398565217391,3372.8824880100806,3541290.217391304,0.32487719104849455,0.04813792512894768,1.4392024496927116,0.3551035601539044,,
70,0,6,772.1428571428571,7,7,True,4.342474691375202,12.849229285714285,1781.2161577429056,1369832.7142857143,0.8511820392447461,0.1692635359655513,1.5179002103262544,0.2794550584728362,-58.02485774696658,False
71,0,24,1439.04,25,25,False,11.060726611663545,23.947064639999997,3141.7735634744067,4502908.68,0.4044930728831336,0.11485895023880806,1.5046523434324748,0.3647607077665905,,
72,0,5,1082.5,6,6,True,7.200622467424727,18.013882499999998,1381.56481842077,1483926.0,0.5739079442082673,0.09668539093460876,1.5662837577316087,0.3284258892995137,-70.842678090034,False
73,0,24,924.12,25,25,False,5.696341048489662,15.37828092,2612.0690797444427,2394758.56,0.45627547416407876,0.08829239571559733,1.5342930347559152,0.34579286879733073,,
74,0,24,1062.16,25,25,False,7.024191980464919,17.67540456,3328.8727957491997,3470592.56,0.4973184852981698,0.09095291294317809,1.6008832986321264,0.33488262098608457,,
75,0,10,935.9090909090909,11,11,True,5.801338342220893,15.574463181818182,2618.1588204417862,2410920.0,0.4036611986446003,0.0952586449223769,1.5115878086898078,0.35362007477918617,-124.41579487914304,False
76,0,17,997.6111111111111,18,18,True,6.411296013746648,16.6012465,2035.8525636804359,1979091.9444444445,0.43492730149436326,0.07474514872572495,1.5569106295362498,0.3441598081999363,-58.20401852801103,False
78,0,24,821.44,25,25,False,4.7830763679110975,13.66958304,3496.1505900020093,2799999.96,0.7013076527553551,0.14569459824827272,1.5498682779698414,0.3044249369964881,,
79,0,24,1172.6,25,25,False,8.167109345745398,19.5132366,2757.7277326699696,3159930.04,0.4478286917832267,0.08089919138485765,1.4979327068000095,0.3462343038141091,,
80,0,24,973.24,25,25,False,6.176676950410086,16.195686839999997,2582.453698559384,2455283.68,0.48727968536184824,0.09907657442755834,1.5593822666398958,0.3307820383582228,,
81,0,20,883.4761904761905,21,21,True,5.382967096739732,14.701927285714286,2184.5018595750057,1860325.6666666667,0.4478579700612564,0.09420583937689578,1.5872701966051461,0.33807915247516374,-73.560578201742,False
82,0,24,1361.36,25,25,False,10.18360093907894,22.65439176,2825.920452510643,3816776.84,0.3205772988428426,0.1013139310100334,1.3681685805507378,0.38853043219280764,,
83,0,13,820.4285714285714,14,14,True,4.788141427410516,13.652751857142858,2289.2585588205307,1815656.5,0.5471543864093525,0.11376570999510822,1.615958304325517,0.326163432111941,-298.5114863435719,False
84,0,24,1075.16,25,25,False,7.1703702328024095,17.89173756,2357.1775266047616,2487708.08,0.4224928857749905,0.08686129785203602,1.5202739504145666,0.3481071719390534,,
86,0,14,983.0,15,15,True,6.242997886080109,16.358103,1984.4711367219884,1929070.2666666666,0.599921920349409,0.12912146126422677,1.670530363466354,0.3201586719179281,3.656652684773548,False
87,0,24,975.84,25,25,False,6.202010938957489,16.23895344,1650.609102636764,1559749.84,0.5008750571305639,0.08119793799276978,1.525789545918323,0.33084267694456243,,
88,0,24,957.2,25,25,False,6.002651357708306,15.9287652,2386.304407087552,2264683.76,0.4059809861741928,0.09427510740998601,1.4992486283116326,0.34661975279190144,,
89,0,24,1192.56,25,25,False,8.343159786092098,19.84539096,2444.834018317305,2896183.48,0.4580648279856183,0.10025086734311411,1.5231621884600428,0.35974298440301306,,
90,0,24,1028.52,25,25,False,6.685033205249677,17.11560132,2525.727828177809,2561656.2,0.4897972829304307,0.10452736276539559,1.6039280628073325,0.34071808140338417,,
91,0,24,1035.04,25,25,False,6.823876901777786,17.22410064,1983.9929849356968,1936049.92,0.4452468667477302,0.10658424986319284,1.6127614823310479,0.33356620858439656,,
92,0,16,1003.0588235294117,17,17,True,6.431932415675226,16.69190188235294,3312.9549998234725,3296028.0588235296,0.48968310496630424,0.10555471247704341,1.5820353629370485,0.33976153638523743,-44.24628060315195,False
93,0,19,1169.6,20,20,True,8.11676790493497,19.4633136,2345.324803874806,2711074.55,0.4918713831355156,0.10552904711680769,1.5960632644261146,0.3426566806493058,-78.57733786212222,False
94,0,24,1213.04,25,25,False,8.567702276075021,20.18619864,2096.1376339582293,2503767.04,0.5372679848026877,0.11237131085409573,1.5996186095992362,0.33617304846343193,,
95,0,24,1404.56,25,25,False,10.701077840071099,23.37328296,2212.497279678338,3063408.2,0.37197222613161424,0.1039764215478509,1.4898948319863186,0.36358259704041296,,
96,0,17,957.3333333333334,18,18,True,6.006163808835975,15.930983999999999,2489.046086101958,2341464.0,0.7349604123472646,0.1672435564443632,1.6642032832293607,0.2804407193651234,-130.1229867140086,False
97,0,8,848.3333333333334,9,9,True,4.9914110263116225,14.117114999999998,2987.246893529494,2528276.4444444445,0.8300509556762298,0.17991811146811226,1.7012691111635276,0.28265159919493116,-59.193737024246296,False
98,0,24,928.32,25,25,False,5.72206875236766,15.44817312,2315.6703194791853,2134937.0,0.49440034464341864,0.10553956565454703,1.5869994214179508,0.3377718279652692,,
99,0,24,1014.52,25,25,False,6.584637683340419,16.88262732,2508.3004909048595,2505467.64,0.29469475974224785,0.10799763135211111,1.4046209509894891,0.38943978458484196,,
100,0,8,813.1111111111111,9,9,True,4.681446096025002,13.530982,3416.62949169093,2776844.5555555555,0.6566475419805964,0.18344821474477485,1.7333381223304452,0.2925075052389173,19.592193398063987,False
101,0,24,1615.64,25,25,False,13.165637321986065,26.885865239999998,2002.9964356242092,3216508.04,0.48839589053759896,0.09798881221964251,1.5618242611179998,0.34631179597736234,,
102,0,8,655.5555555555555,9,9,True,3.4075751284532094,10.9091,1704.0473549192575,1081564.4444444445,0.6088382470264349,0.13477880547459262,1.68881165023899,0.3083125014564605,-285.1785951230113,False
103,0,24,878.48,25,25,False,5.290425534638641,14.618785679999998,2027.5642473043072,1755120.6,0.5495494999544415,0.1137932746568747,1.6288827383546283,0.32415251804491335,,
104,0,24,1485.48,25,25,False,11.586374239630361,24.719872679999998,1262.736979123224,1872479.48,0.41465147471671804,0.07432246214995782,1.4478554052963104,0.3789413529726597,,
105,0,24,731.0,25,25,False,4.034221148405349,12.164570999999999,2419.4475698382976,1727326.32,0.26159180892923556,0.07987431091405434,1.2515362518339743,0.4117135296885269,,
106,0,24,1002.68,25,25,False,6.475066684431893,16.68559788,1336.5330900178544,1283170.68,0.5175881646218198,0.09170158320217704,1.5946854904731038,0.3401795718135061,,
107,0,14,1077.7333333333333,15,15,True,7.161542458495117,17.9345604,2716.760923450524,2893767.3333333335,0.6651476947965445,0.14271538787841104,1.6788541906029375,0.3110051337644815,-24.85529111351099,False
108,0,24,667.68,25,25,False,3.4899838298455275,11.110862879999999,2609.530019399041,1733587.36,0.33440929736844,0.07734111267577838,1.6193274926499186,0.3384966717132156,,
109,0,15,978.8125,16,16,True,6.200845912892309,16.288418812499998,3439.5829872577724,3330616.3125,0.3088815459574909,0.07004600608640028,1.4906333517412411,0.37765936166520686,-113.69599169583518,False
110,0,11,710.3333333333334,12,12,True,3.8328441316521142,11.820656999999999,2336.125638507542,1649652.9166666667,0.4433305436208436,0.07419721489854036,1.5463247559576188,0.33920483612830116,-20.66447405975792,False
111,0,23,1325.6666666666667,24,24,True,9.806625086143145,22.060419,3344.746252127421,4365817.125,0.3903801599866219,0.08713430622072876,1.5021974286029556,0.35456556710190307,-37.363811844918914,False
112,0,17,900.1111111111111,18,18,True,5.473338720052472,14.978748999999997,2089.138785692006,1864453.6666666667,0.6122329968180604,0.12891334798697923,1.6591562451730435,0.31579643839218297,-53.50369563308833,False
113,0,14,892.0666666666667,15,15,True,5.483374591145863,14.844881399999998,1999.9015636286663,1661646.4,0.5031971525533657,0.11709038162860835,1.6447796432744015,0.31802383685093005,-286.9449930801187,False
114,0,5,985.6666666666666,6,6,True,6.252461605473244,16.402479,4317.5352047021925,4261405.833333333,0.28368976566081494,0.04398349396589903,1.368017515561024,0.3858626407362367,-26.089506669470886,False
115,0,24,1033.6,25,25,False,6.714931455431853,17.2001376,1864.20401070843,1924343.28,0.3956454842646611,0.08605809826151636,1.5139548428618212,0.3663848668756728,,
116,0,24,933.8,25,25,False,5.8620081532821295,15.5393658,2037.5473899999142,1780190.92,0.609834127479127,0.14479674956996672,1.7158630732829334,0.2985700050838062,,
117,0,24,912.52,25,25,False,5.603445307276582,15.18524532,1544.3990468311524,1390426.76,0.5271664877485814,0.11180223016828199,1.6274848958386365,0.32575345643465037,,
118,0,24,1023.4,25,25,False,6.629732188602584,17.0303994,2629.457739375318,2678244.64,0.5112665005247556,0.10038674688646695,1.5874985680709617,0.3396594111344122,,
119,0,7,859.7142857142857,7,8,True,5.089793278503666,14.306505428571429,2344.7709761981737,2014533.0,0.8892357703556026,0.19112220112124892,1.7001734446412684,0.26731629718124433,-54.18672637231695,False
120,0,20,888.952380952381,21,21,True,5.471256332877554,14.79305657142857,1545.4155491724641,1237640.619047619,0.6831628120764102,0.12048829745954492,1.6264150250641645,0.30106630794737205,-24.648567695274032,False
121,0,11,848.5,12,12,True,5.019094803265465,14.119888500000002,1906.1829995711093,1573995.75,0.5977683107125245,0.1208184822727441,1.6584776364451406,0.3177764491049971,-197.15435161676257,False
122,0,17,1357.111111111111,18,18,True,10.122151695517225,22.583686,2415.7081378271514,3248740.111111111,0.5191431364338747,0.08800084908314014,1.5714175384504707,0.33912294099792273,-73.4272102688877,False
123,0,18,1141.9473684210527,19,19,True,7.831623698658588,19.003146157894736,3028.464857783273,3405439.736842105,0.5778964738685106,0.12419131589787073,1.6250383461516404,0.3262965969149825,-65.31218058900072,False
124,0,24,1279.84,25,25,False,9.305552803909952,21.29781744,1754.4129972068745,2215702.56,0.45585506769938894,0.09906019118756249,1.5578847456715916,0.3556188039624816,,
125,0,24,895.8,25,25,False,5.479041486259275,14.9070078,1657.068232233766,1417753.72,0.564998148538171,0.10849347130718083,1.6074556902726096,0.32511192583472687,,
126,0,19,942.35,20,20,True,5.8642293509172685,15.68164635,1861.9169186759232,1743870.0,0.5458664533114348,0.09175350639200129,1.567014192339411,0.34803718015798746,-62.16913507652754,False
127,0,9,734.6666666666666,9,10,True,4.024780294172142,12.225588,2882.947554156121,2115481.777777778,0.7221735514712989,0.14309488428524575,1.6259065431221955,0.3261766151382218,-23.87945855178839,False
128,0,20,1090.2857142857142,21,21,True,7.295291660628625,18.14344457142857,1668.4385805118534,1805651.1904761905,0.46273313932481547,0.10333945836099549,1.587104777760653,0.34776660802195686,-28.1452035796924,False
129,0,24,981.4,25,25,False,6.239397480681073,16.331477399999997,1890.5891488075097,1840590.04,0.5726259285563935,0.1138919894274365,1.646356629185279,0.3241942034495957,,
130,0,24,1642.84,25,25,False,13.62367814923884,27.338500439999997,1678.8700297042146,2631532.08,0.40664325213638036,0.0860639577815473,1.5425836534674267,0.3508009273804627,,
131,0,24,1221.6,25,25,False,8.628554495411256,20.3286456,2447.0939889654355,2988105.56,0.49228294521826027,0.12113468928035866,1.576014354521214,0.35022734635269237,,
132,0,5,1204.8333333333333,6,6,True,8.468016996424902,20.0496315,977.3251186597413,1166577.0,0.413037027859569,0.05877987750992154,1.4847114405168262,0.35338331966031106,-58.52380304802192,False
133,0,23,632.125,24,24,True,3.218007672650707,10.519192124999998,1851.4939369862634,1162117.8333333333,0.619914273532759,0.12359632523306946,1.721554668664222,0.3101638695968893,-12.118668096965873,False
134,0,24,777.64,25,25,False,4.422802382048343,12.94070724,1623.9876606505322,1239297.64,0.5387061805952472,0.08510571685581693,1.605058130325149,0.33918237237156457,,
135,0,24,1523.84,25,25,False,12.160799840309338,25.358221439999998,2215.2723409458163,3246814.28,0.5703410325283188,0.08563229569973833,1.4541295956843399,0.37177074767068624,,
136,0,24,690.25,24,25,False,3.6907707370721483,11.486450249999999,2849.7999562968957,1918835.375,0.5356931857465751,0.11305650589070247,1.6736931965128123,0.31963381116734324,,
137,0,24,1138.08,25,25,False,8.060347265330476,18.938789279999998,2327.061930392542,2258798.0,0.3548136289127226,0.08593398175927319,1.5431545573035215,0.35499691221863133,,
138,0,5,857.6666666666666,6,6,True,5.097609196810031,14.272431,3652.0466968883443,3151615.5,0.29093268302745945,0.06589312427766354,1.2845740688761167,0.4159946809376234,-9.01142161078948,False
139,0,24,960.72,25,25,False,6.0356226404258795,15.98734152,3289.7390293247845,3122658.64,0.5415559766428334,0.10852918401736975,1.585722804325964,0.32685656808786073,,
140,0,24,1218.52,25,25,False,8.617188402895238,20.27739132,2936.7491177322718,3545000.28,0.53855212768616,0.10125960370919458,1.5509051817451687,0.33784576530562227,,
141,0,23,686.0,23,24,True,3.6634362998416825,11.415726,1714.0215464798735,1123170.9130434783,0.5347415055030388,0.12951607591013456,1.683772485751951,0.3034394711213712,-182.46871725228524,False
142,0,24,1150.68,25,25,False,8.007452030080858,19.14846588,1902.594691804834,2063566.36,0.4672249268815321,0.099157032830038,1.5711080337276642,0.345151036383987,,
143,0,6,710.0,7,7,True,3.823877131580393,11.81511,2949.9382907766617,2087899.4285714286,0.6344251682737959,0.164665811476485,1.7052850814857063,0.2796182166533376,-157.16483345094193,False
144,0,13,869.9230769230769,13,14,True,5.199126164643635,14.47638992307692,1677.358662581559,1438513.6153846155,0.6901431903923717,0.12811945256283386,1.6770366857101904,0.29827553164587983,-23.2394692449634,False
145,0,19,839.1,20,20,True,4.951355074475426,13.963463099999998,2784.413957772917,2271264.65,0.6373735019615827,0.14545919263526078,1.6795437718635533,0.30051185653454565,-212.3081446889074,False
146,0,14,1080.6,15,15,True,7.210578492645153,17.9822646,2645.210898031045,2821408.6666666665,0.6507077715021166,0.13413148409017,1.5983912505423519,0.3066507804326724,27.116955330232017,False
147,0,15,873.6875,16,16,True,5.223780470545737,14.539033687499998,2974.767309844607,2572221.25,0.7128819203293155,0.16688437568508419,1.6566704396290117,0.2895441753263374,-140.72590080073908,False
148,0,19,1390.25,20,20,True,10.620884369130522,23.13515025,2573.196580312478,3402972.85,0.6927255084726922,0.14413856230917257,1.694744365212935,0.30326159091683536,-401.8861140717417,False
149,0,24,819.72,25,25,False,4.756617968820697,13.640960519999998,2747.707588965212,2229644.56,0.4290783691499875,0.11067924918210138,1.6304559623035262,0.32994421374348476,,
150,0,24,699.4,25,25,False,3.8106910243056245,11.638715399999999,1472.0385570931674,960736.64,0.5707963680043215,0.11478432780431021,1.5971484514193375,0.3117432066886448,,
151,0,16,1032.0,17,17,True,6.728794837745802,17.173512,2889.6326975478883,2926056.1764705884,0.6916548014869336,0.13322601279541912,1.6163608671759275,0.3017919335516369,-114.4499087413816,False
152,0,20,1076.952380952381,21,21,True,7.197832326973306,17.92156457142857,2014.2278055402016,2094694.4285714286,0.8697205946715708,0.1607715904088364,1.6710071318220874,0.29179451982464727,-134.5496296103437,False
153,0,20,700.0,21,21,True,3.7622654301515204,11.6487,1430.2793846989023,982367.9523809524,0.5008571978133178,0.08573009448013622,1.5820863451235656,0.3301773787339016,-51.63999012879122,False
154,0,24,985.32,25,25,False,6.41824305987309,16.39671012,2145.9505646990674,1871952.4,0.49886039322703146,0.09574887854414248,1.4459868212700224,0.34197380200147526,,
155,0,15,899.4375,16,16,True,5.452044614855079,14.9675394375,2013.1857088222096,1805822.9375,0.49367875977086056,0.10687087945093415,1.6127816548042897,0.33527217971375445,-10.375143544248028,False
156,0,24,1202.76,25,25,False,8.47085295601246,20.01512916,1592.4388011233723,1890423.84,0.5181013640440487,0.09309240716214574,1.5654185800012428,0.3457655809421546,,
157,0,24,1013.84,25,25,False,6.563687090543053,16.87131144,2415.561621331044,2362361.96,0.47290486198091386,0.10352426913586145,1.6269014580003318,0.32738126189811934,,
158,0,20,821.8095238095239,21,21,True,4.787352946543568,13.675732285714286,2295.5498742165414,1825669.9523809524,0.5443581836889472,0.1369238288498515,1.6975181800948451,0.30864027091804536,-87.2269172296337,False
159,0,16,599.8823529411765,17,17,True,2.972510477252847,9.982642235294117,1736.7839947025504,1031339.4117647059,0.5045235323504172,0.09555635452735031,1.545593818413224,0.3255967745086888,-121.39753344454418,False
160,0,16,801.2352941176471,17,17,True,4.610024827117315,13.333356529411764,1935.981023085524,1521828.294117647,0.772159456681617,0.13430751097690355,1.494579543304027,0.3204015514112699,-66.0024667575571,False
161,0,24,885.28,25,25,False,5.344317011702648,14.73194448,3087.894824335778,2678852.12,0.43393955243566285,0.0900619690055037,1.5632398019425233,0.3282989725549706,,
162,0,20,759.3157894736842,19,21,True,4.235142992843809,12.635774052631579,3464.864487576195,2595886.4736842103,0.2758005612869202,0.055030554791895704,1.306970411043088,0.40817386590445853,-99.21340568922231,False
163,0,24,745.875,24,25,False,4.199078418211577,12.412105875,2049.117684887887,1396059.5,0.3668440825949764,0.0695098697371802,1.4047031079487515,0.3476064283036339,,
164,0,10,1138.909090909091,11,11,True,7.7724683663424665,18.952586181818184,2384.352733033195,2677241.272727273,0.8014639681579137,0.17947240819018404,1.7275711864927779,0.29004655659767725,-133.11457444939592,False
165,0,18,1023.421052631579,19,19,True,6.743324276112181,17.030749736842104,3393.3468041800343,3268027.789473684,0.3753563258901695,0.08175634851163865,1.3886340378602886,0.36241325746043085,-468.77849128446036,False
166,0,22,924.3478260869565,23,23,True,5.741320931235731,15.382072173913041,2765.9019541377143,2536620.6086956523,0.45725085947552596,0.08640141943223381,1.4992939799517135,0.333160070382574,-191.97959539805922,False
167,0,15,987.4375,16,16,True,6.286636454797902,16.4319474375,4879.396038766203,4771636.8125,0.32584569229711985,0.12843645055108466,1.5908482369039951,0.33909220732519896,-173.35673828081903,False
168,0,24,1336.04,25,25,False,9.928343031850437,22.23304164,2614.682660752962,3438524.36,0.4231506461207379,0.08622558378228519,1.5194652498631334,0.3530668679598395,,
169,0,22,1050.7391304347825,23,23,True,6.973625122786213,17.48534986956522,2386.951425820061,2413739.8260869565,0.6154755086349755,0.13152651017903857,1.6785444891364738,0.31362006580388935,-126.10158966081788,False
170,0,14,653.7333333333333,15,15,True,3.385927189643223,10.8787764,2392.5703711897904,1544843.8,0.7231154769153301,0.16727465708353062,1.7004738904426588,0.3109612665402735,-65.99005381932696,False
171,0,24,672.64,25,25,False,3.5469778085769263,11.193402240000001,2070.006906585352,1367853.52,0.5187704038622833,0.07582453612848111,1.4944224141532023,0.34469580627639507,,
172,0,24,830.0,25,25,False,4.913394735958068,13.81203,1907.426776461747,1451898.68,0.4845060336051973,0.08378849750273405,1.5813835535413199,0.33733597655716513,,
173,0,24,1190.44,25,25,False,8.30763076228704,19.81011204,2587.8976560022948,3127387.48,0.23879644006437262,0.07084073808453362,1.2676691938930857,0.4173814259677579,,
175,0,14,844.2666666666667,15,15,True,4.958287268323551,14.0494416,1390.0760646813972,1177689.3333333333,0.6550128384270371,0.10968330228225846,1.6255006416882263,0.31785756754646877,60.31052955723026,True
176,0,19,1033.7368421052631,19,20,True,6.724817164520012,17.202414789473682,3681.430669756942,3764502.3157894737,0.3750495117596206,0.09325920800407324,1.623831947596902,0.3363246542172415,-212.62474925789567,False
177,0,14,917.6,15,15,True,5.621774113496351,15.269781599999998,1837.62723011386,1677298.2,0.5534526532898579,0.10846249719980491,1.6087733883662831,0.3336554542316963,-14.487841062402545,False
178,0,24,930.72,25,25,False,5.824177439719238,15.48811152,1457.7481421468024,1251816.32,0.544781899300812,0.0991373294944033,1.6181094696588705,0.3284675324693546,,
179,0,24,1059.44,25,25,False,6.99927527394997,17.630141039999998,1956.3735581781514,2038893.8,0.5070699135304498,0.10465891852207164,1.5249209227133849,0.34484796822282726,,
180,0,21,1262.5454545454545,22,22,True,9.238775526237701,21.01001890909091,1880.0853985810302,2171037.6363636362,0.5104293889265971,0.09840219605673749,1.5905083727671454,0.34127649609257094,-71.69085238223663,False
181,0,24,798.2,25,25,False,4.5971055089374495,13.2828462,2570.9391437761014,1990739.8,0.41842504002639713,0.07544783286140447,1.4777410622190243,0.3508675930095009,,
182,0,24,1112.16,25,25,False,7.606255184007938,18.50745456,1309.4448370309144,1344399.48,0.5635987925099686,0.11924262799380685,1.668665618959562,0.3165344459997894,,
183,0,24,1030.84,25,25,False,6.780904549277562,17.15420844,2491.3081825460004,2490879.16,0.277156017465166,0.08200944102122328,1.3918489765061264,0.36688895213494604,,
184,0,24,1197.52,25,25,False,8.371830373476103,19.927930319999998,1672.1057306843175,2003742.6,0.4882827152739302,0.08958710129275564,1.5368440088880493,0.3478956469642003,,
185,0,15,845.8125,16,16,True,4.979562889945957,14.0751658125,2010.9907238244157,1690336.9375,0.5136076856864389,0.11497208177137669,1.5954668771435871,0.3286819184849952,-14.199994187452647,False
186,0,12,946.3076923076923,13,13,True,5.898793520229812,15.747506307692307,2380.016646311824,2238942.4615384615,0.42766864818674727,0.08241139976678856,1.5338943298456262,0.34117311759198626,-70.76592001615224,False
187,0,24,1453.56,25,25,False,11.316512143384044,24.188691959999996,1898.779340081739,2648932.6,0.48190997614984327,0.10290210869075038,1.5584549478744878,0.3543456749644121,,
188,0,24,1487.92,25,25,False,11.652244846828399,24.76047672,2825.3953717133595,4124107.52,0.45638910513349024,0.107678099135326,1.5481896328992812,0.35551015974745037,,
189,0,24,1061.52,25,25,False,7.016103103229236,17.66475432,2041.0066134167255,2138898.0,0.4857743903886263,0.10827763457352103,1.629592872408516,0.329229838912343,,
190,0,24,873.32,25,25,False,5.226278491753518,14.53291812,1484.7356692878932,1290657.48,0.42964700556212193,0.08672319056003205,1.5578700371174947,0.3468848357386068,,
191,0,15,1051.875,16,16,True,6.911144323521227,17.504251874999998,2428.9669466532837,2530372.3125,0.6198113721282541,0.13151715225952418,1.638748836256403,0.32983315094199644,-85.43040924659194,False
192,0,20,1155.3333333333333,21,21,True,7.97202251385536,19.225902,2438.190011047077,2781987.904761905,0.41127319245545396,0.09508541623914024,1.5347155391768723,0.3579183484663057,-87.9004130304309,False
193,0,24,1540.32,25,25,False,12.288528396191028,25.632465119999996,2141.2938712716023,3251422.08,0.3733914499440263,0.10518385195887829,1.5179672057638047,0.3635357295936227,,
194,0,24,899.32,25,25,False,5.476920507720874,14.965584119999999,2971.0683788155065,2617651.72,0.3250482511716563,0.11855089556885998,1.3341758648331759,0.40130391129162263,,
195,0,17,974.6111111111111,18,18,True,6.156299192106675,16.2185035,2794.879025714853,2703483.277777778,0.4379698566767971,0.10955518753193795,1.546559154078581,0.35449474254003693,-18.64221751981626,False
196,0,19,1042.1,20,20,True,6.831021970658978,17.341586099999997,2915.307879802243,2978069.15,0.5603112228065403,0.14299869121422795,1.6708569677385712,0.29596060911269706,-191.74437689484247,False
197,0,19,873.4,20,20,True,5.221470274916063,14.534249399999998,2416.744763817327,2104698.25,0.5779704307786082,0.12734345609385464,1.6199426251625653,0.332544227880329,-74.85934410060275,False
198,0,24,1286.68,25,25,False,9.40187041015336,21.41164188,2341.6946448942454,2935054.6,0.5120708662683233,0.09984395267225629,1.5332078859615903,0.34640302996926253,,
199,0,17,1073.0555555555557,18,18,True,7.143803309328872,17.8567175,2356.2957089276847,2453955.1666666665,0.6437418177410191,0.13164371783611625,1.5910534528084566,0.3339416312073231,-303.38869038964134,False
200,0,20,700.2380952380952,21,21,True,3.776168452190986,11.652662142857142,2684.244106493906,1829310.2857142857,0.42727169691252326,0.09804479229999269,1.5545508326486073,0.32569032601959513,-65.2028747483903,False
201,0,17,967.5555555555555,18,18,True,6.117158009219151,16.101091999999998,2181.1276749425256,2052399.0555555555,0.7483227311795644,0.13546180599987154,1.6251891432237946,0.30294707489955003,-272.5334706687156,False
202,0,17,931.0555555555555,18,18,True,5.802137139465369,15.493695499999998,2103.4215980277127,1893379.2777777778,0.5390595958454732,0.11952931602693154,1.5883669809789376,0.3300623020600157,-71.76348905171947,False
203,0,24,974.32,25,25,False,6.181172786220644,16.21365912,2144.5729827165237,2029491.56,0.4703400242011759,0.10759436428652895,1.5653450120340122,0.3560738242598252,,
204,0,24,890.36,25,25,False,5.368963940870677,14.81648076,2932.547334946462,2615189.28,0.3871405344814972,0.09077926873977696,1.4759548867726144,0.3645914252008318,,
205,0,18,603.0588235294117,17,19,True,3.005569519294507,10.035501882352941,2600.3167979674954,1574971.1176470588,0.3103009186507973,0.05325307368590457,1.349599652305521,0.3791296216035135,-72.84576709576693,False
206,0,17,1000.1111111111111,18,18,True,6.4099943876837,16.642849,3545.7476156064126,3498507.611111111,0.3955836341532715,0.09378617305896565,1.496763787661034,0.35735722652176144,-147.17153597197634,False
207,0,24,1104.92,25,25,False,7.4692333563212925,18.38697372,2455.610211615957,2662474.0,0.5204404065099557,0.10505225411054768,1.5317988890618737,0.3393790716493935,,
208,0,24,1155.32,25,25,False,7.990678742273409,19.22568012,1393.7045276373349,1582942.12,0.5313154605619788,0.10857201246145866,1.615854149348282,0.335941571314995,,
209,0,23,957.8,20,24,True,6.113978967193748,15.9387498,1712.0296905498021,1520887.95,0.3956068597988552,0.08416742037910649,1.5115733297666885,0.3594852770836301,,False
210,0,10,920.9090909090909,11,11,True,5.660200184358404,15.324848181818181,3805.3834290542104,3462950.3636363638,0.5904023371164819,0.1179162714701119,1.5950689036866577,0.33373058337089784,-205.62234813642596,False
211,0,24,1437.84,25,25,False,11.132226324184298,23.92709544,3082.518780801772,4327623.4,0.39076952752944727,0.08588478777788992,1.371119350282699,0.36239889398503466,,
212,0,17,934.5,18,18,True,5.787302627325854,15.551014499999999,2272.0091661704314,2107067.3333333335,0.4217580788878995,0.08932407279117394,1.560429625355258,0.3339144343504629,-77.16123246074797,False
213,0,24,955.28,25,25,False,6.003303395575886,15.896814479999998,2178.760515258537,2039210.32,0.40945812098490025,0.09390795168512069,1.4558014593804833,0.3472850982500443,,
214,0,17,873.8888888888889,18,18,True,5.2855968423234385,14.542385,3036.846926219807,2517984.388888889,0.4397588739926228,0.09405040919368916,1.4727388265404096,0.3398161900460419,-356.79210432190183,False
215,0,19,1193.4,20,20,True,8.365213398331068,19.8593694,4565.253225654265,5400500.95,0.23255884387435874,0.08485904434508086,1.1406011532182716,0.44074503407880783,-102.92136732940895,False
216,0,19,938.5,20,20,True,5.8430204673046555,15.617578499999999,2072.7118699591165,1893030.1,0.4590780640121787,0.07659159840127674,1.5430125663465062,0.34646523865276635,-199.35293105892606,False
217,0,24,859.88,25,25,False,5.107415785387931,14.30926308,3130.4888664558157,2675770.96,0.3884118710858877,0.10075836644962234,1.3479387615414735,0.3350394962994993,,
218,0,24,1068.28,25,25,False,7.0791454362020545,17.77724748,2640.690869630265,2809647.96,0.36605509149536075,0.08534947203336049,1.3866801838164227,0.37136478375501947,,
219,0,24,1056.92,25,25,False,6.977782869132271,17.58820572,1873.9453036947657,1952659.4,0.3918249773587743,0.10335621568700679,1.4718720534244056,0.3622299797186731,,
220,0,24,877.32,25,25,False,5.283462691395854,14.59948212,2953.2451965302716,2515742.36,0.38669027277744084,0.08589825071450204,1.5136183941017498,0.3503066252649008,,
221,0,24,1179.72,25,25,False,8.21186165036547,19.63172052,2541.308743178817,2965137.68,0.5045349388866212,0.08677879736644517,1.5787813350212045,0.3369815966607038,,
222,0,24,1111.72,25,25,False,7.531829262193039,18.50013252,1571.4850385257469,1729719.96,0.49290852182513945,0.09290132798957629,1.5218979898084362,0.3458092474592272,,
223,0,24,1133.92,25,25,False,7.729633228541327,18.869562719999998,1728.0144439014246,1950391.88,0.5291266192554529,0.09118409360396144,1.5195981330065664,0.35547640427838056,,
224,0,11,646.3333333333334,12,12,True,3.3219405411061422,10.755632999999998,2023.2661762288435,1301128.9166666667,0.882113996389181,0.2168091494757132,1.842130784640095,0.25273074464630246,-62.98502550027385,False
225,0,18,532.2142857142857,14,19,True,2.495582075733325,8.85657792857143,3236.8471926273232,1732723.642857143,0.23562453789680998,0.07169275301580794,1.1844105006508558,0.4392191471964199,,False
226,0,24,769.76,25,25,False,4.316034432070182,12.809576159999999,4366.6941733877065,3342710.04,0.3548941526397467,0.08482663278192908,1.4219663038285761,0.34503872670276453,,
227,0,24,1235.16,25,25,False,8.803605580113256,20.55429756,1577.9489478841288,1921564.84,0.6402421675162364,0.1191433217177527,1.6315028460415337,0.32756227596284887,,
228,0,21,1089.409090909091,22,22,True,7.3221802014126744,18.12885668181818,2051.2793482762117,2183267.0,0.4424344480599302,0.10673476446016253,1.5407329804159628,0.3483340147545422,-27.855880579978106,False
229,0,22,887.3333333333334,21,23,True,5.411559334264708,14.766114,3298.122160292848,2778923.714285714,0.23877227098296802,0.0692735561529121,1.099268585041143,0.44024612699756416,-144.9181928978739,False
230,0,24,1110.68,25,25,False,7.532506052192295,18.48282588,2082.6702890799434,2272307.48,0.3368512657149121,0.09187160988601838,1.4445056071513447,0.3667611263464686,,
231,0,24,1494.84,25,25,False,11.76818628716753,24.87563244,1541.265836275522,2221498.96,0.5174858536166491,0.10030239328399287,1.5791194109017272,0.3474423911751188,,
232,0,10,1283.7272727272727,11,11,True,9.3578104397184,21.362505545454546,1973.6483048916264,2487405.4545454546,0.23426996234665687,0.055141631090997185,1.2588864091835814,0.4065829449182939,-148.60315159628846,False
233,0,24,1610.36,25,25,False,13.159967456565612,26.79800076,2143.6618060173937,3373909.56,0.5444244775689496,0.1069789291523098,1.5081137439104295,0.33870888082740963,,
234,0,24,1283.72,25,25,False,9.354804646380485,21.36238452,2417.993604435562,3028703.52,0.535592216807483,0.09339878144135934,1.5488801312509661,0.34414226809376686,,
235,0,16,1242.7058823529412,17,17,True,8.88328644863507,20.679868588235294,2360.830566395793,2880388.0588235296,0.8675672968564232,0.16249955988536338,1.6179251745289533,0.28709224653510157,-121.69773690472178,False
236,0,16,804.3529411764706,17,17,True,4.619577858866178,13.385237294117646,1977.896475458551,1580200.4117647058,0.5738440489708972,0.13247163688019303,1.6894008980452144,0.3177344688457279,-37.386972984103984,False
237,0,6,744.5714285714286,7,7,True,4.1066382484165365,12.390413142857142,2178.7644265199524,1620033.0,0.7560819413919522,0.17638729712831897,1.6207960237189547,0.27303967152690484,-28.26529623401764,False
238,0,19,797.0,19,20,True,4.575204514298199,13.262877,2007.5412744616988,1567058.3684210526,0.6473397191528435,0.11825383818559158,1.5346352545460737,0.30469105164250304,-63.750110088718756,False
239,0,24,1260.48,25,25,False,9.05232034194328,20.975647679999998,2340.076337893626,2939852.6,0.4335659432138385,0.09664440573753966,1.53758867384488,0.3558219894785286,,
240,0,23,1094.5833333333333,24,24,True,7.431858385667119,18.214961249999998,2040.344781600933,2080762.5,0.45273256232154635,0.08529803467381258,1.5226267778614122,0.3513276294644576,-159.41810581443943,False
242,0,24,1021.36,25,25,False,6.631156876333395,16.99645176,1936.5925361158963,1947839.88,0.5046664232810534,0.10550960975540548,1.6274328713841177,0.33211491645720914,,
243,0,18,860.1052631578947,19,19,True,5.148009269186603,14.313011684210528,2269.322308790976,1890650.6315789474,0.6077841000142714,0.12361232209854511,1.573321391730853,0.31499259731080265,-81.47695776602258,False
245,0,20,812.952380952381,21,21,True,4.693718946559464,13.52834057142857,1881.2048527191273,1521874.761904762,0.5621622235660185,0.09269473126729585,1.4760468295376235,0.33875341561692757,-37.72445051856085,False
246,0,18,909.6315789473684,19,19,True,5.561599818015269,15.137179105263158,2314.255222437879,2086279.0526315789,0.48816989726511417,0.07717593177600551,1.4812745902332947,0.3384448100543004,-112.32415801134421,False
247,0,24,675.375,24,25,False,3.582221597677517,11.238915375,1252.2503195926129,835625.2916666666,0.5280350440505894,0.0788163236950712,1.3632111764120742,0.35067019469090016,,
248,0,16,1057.5882352941176,17,17,True,6.987729629884364,17.599325823529412,2780.246659775551,2883706.7647058824,0.3787041166014306,0.08126233746425221,1.4831312436825694,0.3533338834891447,-186.294692691844,False
249,0,19,1311.45,20,20,True,9.614067611040552,21.82383945,2206.8773838112893,2858330.0,0.465276363351803,0.10719996905943614,1.5530528230125298,0.3485234907718923,-135.07291990224678,False
251,0,24,895.12,25,25,False,5.42698273656244,14.895691919999999,2594.9850659344474,2305201.44,0.5476114401717616,0.10611282080945643,1.6333888346988303,0.3290564344287566,,
252,0,24,1019.44,25,25,False,6.579712974948697,16.964501040000002,2229.8850173686337,2267188.12,0.6712426488671936,0.11887859758628075,1.568752850682865,0.3300355925815321,,
253,0,24,1113.88,25,25,False,7.59345309465099,18.53607708,1949.9327448528277,2096475.32,0.6708772785186444,0.13456915230401167,1.659740801753965,0.3210407954765738,,
254,0,18,934.6315789473684,19,19,True,5.785484322654698,15.553204105263157,2805.840018052643,2602086.3157894737,0.6104210345799715,0.14609662922475133,1.6798175878133992,0.3047329914382028,-150.49560032884042,False
255,0,24,1312.52,25,25,False,9.679844263311558,21.841645319999998,2110.767070504375,2721185.96,0.5336811398366215,0.10500394041659385,1.5948573088162952,0.3365107163153816,,
256,0,24,1271.24,25,25,False,9.224889807940666,21.15470484,1931.5026222479366,2396296.28,0.4226462517210934,0.1012011113303265,1.5535277454291045,0.3527904346713229,,
257,0,24,1228.36,25,25,False,8.741008069416392,20.44113876,1879.0571537580265,2276168.28,0.42978026933115077,0.11064736398981743,1.4757223701395137,0.36176890272583756,,
258,0,12,874.9230769230769,13,13,True,5.253524545709153,14.559594923076922,2568.4084335328303,2204354.5384615385,0.7022172822561091,0.14123543193763866,1.6327264675549695,0.3033264902107341,-101.44159020030799,False
259,0,19,732.95,20,20,True,4.048480497733829,12.197020949999999,3840.5379541301663,2773784.15,0.27516449404838084,0.07981020932642764,1.4910546998288825,0.3571265676038631,-110.22294247779722,False
260,0,11,967.6666666666666,12,12,True,6.087606424343369,16.102940999999998,1939.3975907233742,1869098.25,0.5937279190261766,0.1143743840322164,1.572107629957492,0.3270979796572761,-42.02840797914929,False
261,0,24,1345.36,25,25,False,10.004108038090251,22.38813576,2162.284377053521,2880331.96,0.38806766975152907,0.08411727273053259,1.5220185049013317,0.3576647063286263,,
262,0,24,1220.52,25,25,False,8.636498949169999,20.31067332,2578.96989430213,3107998.48,0.47192434619467144,0.1013196267462736,1.4862409495377287,0.3607442537582899,,
263,0,24,1367.56,25,25,False,10.288582745610732,22.75756596,2277.43226721579,3040450.88,0.5240585301199157,0.08555740785551484,1.5237786197195995,0.35439402902811035,,
264,0,24,1004.64,25,25,False,6.483088183615125,16.71821424,2769.606927981831,2700639.52,0.32274502594340915,0.07504481817434067,1.54163568861107,0.35166541052491174,,
265,0,24,1527.32,25,25,False,12.089815231208954,25.416132119999997,3279.0153937996765,4964400.48,0.39337203431493906,0.07980998350134066,1.5084782180039105,0.36162610217212415,,
266,0,18,1073.578947368421,19,19,True,7.15507179701239,17.865427263157894,2220.8594737813,2331422.1578947366,0.8064806244500299,0.17032153522828658,1.722801882918402,0.28259355771248085,-94.5247714093929,False
267,0,24,965.08,25,25,False,6.059238185790349,16.059896279999997,2903.301434800199,2791486.8,0.4738186220023561,0.10335401209944829,1.4886000097311354,0.35494812072770565,,
268,0,24,1076.92,25,25,False,7.305740129386686,17.92102572,2095.7078388325845,2088828.68,0.5399153132295451,0.1284090066366766,1.6408050680589144,0.3199978327502118,,
269,0,24,793.9166666666666,24,25,False,4.5192865185289035,13.21156725,2239.5394812782406,1768786.2916666667,0.48494981051132124,0.1127157455581847,1.6284296343632514,0.3280251228719064,,
270,0,24,1002.36,25,25,False,6.441319302722853,16.68027276,2011.4809475718205,1975092.68,0.5114118243284629,0.08739988817315186,1.5715254721941525,0.33623135401174686,,
271,0,24,1521.8,25,25,False,12.040647834214234,25.3242738,2849.7420273483017,4276373.24,0.4146502157718251,0.09178200772773795,1.5248760698197024,0.3543477128369409,,
272,0,14,1210.7333333333333,15,15,True,8.554603350382507,20.147813399999997,2073.958927440506,2443907.8666666667,0.5772279041909779,0.11530549853953863,1.6154384256063368,0.3279700232055918,-237.38341439665913,False
273,0,24,1131.48,25,25,False,7.731634227719487,18.82895868,2581.0307156487056,2861672.52,0.4234823499364271,0.09691303382350686,1.5778063172831909,0.34220067410111665,,
274,0,24,1139.92,25,25,False,7.80910674001962,18.96940872,2411.5913983301143,2718460.76,0.46494034105506055,0.09605268623727962,1.4741609034528695,0.3446859838707544,,
275,0,15,1002.25,16,16,True,6.45384335264303,16.67844225,3614.213483129034,3618587.375,0.43362109101333784,0.15506134420025047,1.7231199144360612,0.302574489140772,-70.15560750092467,False
276,0,18,637.3846153846154,13,19,True,3.309179266279106,10.606717384615385,1760.227446117412,1090947.7692307692,0.6678331675285469,0.148649627099796,1.6902613883564221,0.29921059040873527,-83.42280240271495,False
277,0,12,1036.8333333333333,12,13,True,6.852301757794296,17.253943500000002,1840.0327076848328,1792442.4166666667,0.6347117626982436,0.12187797621782887,1.5725615642094224,0.33028285178136313,-58.898230642532376,False
278,0,24,1358.04,25,25,False,10.170699114421025,22.599143639999998,2358.030179942434,3154276.24,0.44622578521728523,0.11395332105114146,1.507226018694923,0.361796789389207,,
279,0,4,506.2,5,5,True,2.321761328153724,8.423674199999999,1176.4889740252856,612938.8,0.45807029351060036,0.12049335289042103,1.1998439210016918,0.3331784318457177,-26.765566918411654,False
280,0,24,1148.68,25,25,False,7.948806749329663,19.11518388,1629.1860291352436,1815758.48,0.40582720974812053,0.10784613997976397,1.5564781529943648,0.3541737832775916,,
281,0,6,1010.0,7,7,True,6.504771023501452,16.807409999999997,4447.010927088212,4404332.0,0.7240039130808824,0.1589999723927602,1.6838521763077647,0.2898890391615391,-487.14740051715745,False
282,0,24,1218.24,25,25,False,8.613492538387597,20.27273184,2186.024214276019,2645506.36,0.5197359016708568,0.10493949660782541,1.564548214672256,0.3509749072035458,,
283,0,24,900.08,25,25,False,5.475327108437898,14.97823128,2506.0170286917714,2227666.72,0.45928525225719696,0.10371964383744951,1.6230703063866263,0.33363016136888574,,
284,0,24,1188.08,25,25,False,8.371294532235876,19.770839279999997,2343.9661339019567,2657217.04,0.4113379633404178,0.08422849296697571,1.480682620842235,0.3620541592663921,,
285,0,24,1276.6,25,25,False,9.262543395269727,21.243900600000003,2739.6790809444337,3443893.84,0.5248444280560394,0.10435936254531572,1.5821577901935155,0.34147090560748466,,
287,0,8,1077.4444444444443,9,9,True,7.155218643652778,17.929752999999998,1740.5520739866806,1855886.111111111,0.5217795440716767,0.09802973083273342,1.5910635212358901,0.33504896625006947,-87.12542053968215,False
288,0,11,833.0833333333334,12,12,True,4.859144635700891,13.86333975,2030.0063549792867,1692183.9166666667,0.7163612157248019,0.1335012419835204,1.3966031241173518,0.31214676942002145,-24.51971382248211,False
289,0,24,849.24,25,25,False,5.038854021867269,14.13220284,1167.3849033933998,968470.72,0.496408798734977,0.10595436710233772,1.64900757755233,0.3250815491598157,,
290,0,24,1114.72,25,25,False,7.567001900729508,18.55005552,2662.6918569607433,2863471.32,0.6270893703959752,0.14911931473837609,1.7051112721356614,0.30043978080653544,,
291,0,24,1097.6,25,25,False,7.436811640026297,18.2651616,1395.297803627641,1475995.4,0.5247184350756138,0.08942313160958193,1.589845552714448,0.33986264980375336,,
292,0,16,1751.8823529411766,17,17,True,14.994064223700924,29.153074235294113,1606.7323255984707,2629718.294117647,0.47352638368476696,0.07601466748661498,1.4651526454634602,0.36948177043698455,-56.04246369010345,False
293,0,24,994.64,25,25,False,6.495833182622228,16.55180424,2016.6388897958368,1790556.28,0.6604346592351977,0.1401492558595317,1.6816652274831614,0.29997442650593803,,
294,0,13,573.3571428571429,14,14,True,2.78371165708493,9.541236214285714,2423.0023430945594,1378343.4285714286,0.6419215507070483,0.17764934864515497,1.7112769885602839,0.2761501914125823,-38.63921170228878,False
295,0,24,1183.72,25,25,False,8.251601113084737,19.69828452,2290.2173236912536,2685835.36,0.5487719635829539,0.0892262004565201,1.5787560664343756,0.34224559431109547,,
296,0,14,629.7333333333333,15,15,True,3.2027583474144476,10.479392399999998,1952.4693557468747,1217929.8666666667,0.6347635426402866,0.14872920971991271,1.6865181585577527,0.29341467089165646,-18.557782859030233,False
297,0,24,850.84,25,25,False,5.016413479198997,14.15882844,3165.902080143205,2679209.88,0.6378949080496849,0.13941232338352022,1.6504995621331675,0.312164158739626,,
298,0,24,1512.84,25,25,False,11.949376831550792,25.175170440000002,2395.4245374062043,3513116.44,0.4622083640454435,0.1085470542178743,1.5329053221803703,0.35449464892521204,,
299,0,24,1296.28,25,25,False,9.478118348031888,21.57139548,2289.040491986276,2895126.68,0.5629829702641745,0.09907805895990475,1.5520819445431489,0.33160187635029154,,
300,0,15,1067.5625,16,16,True,7.117758658252826,17.7653075625,1477.5017675067788,1522351.5625,0.6356276077223173,0.12609774302930749,1.6572497264870665,0.31691338567474214,-158.39506191366877,False
301,0,24,800.56,25,25,False,4.615799182624861,13.322118960000001,1434.9738650655493,1144009.4,0.38341329957724957,0.06237060481919054,1.4509845576819123,0.35991007220545623,,
302,0,17,1161.7222222222222,18,18,True,8.103103068684486,19.332219499999997,1879.930521869194,2077216.0555555555,0.5050208884297489,0.10500748392603347,1.6042619510744573,0.33698593828528656,-278.174812030322,False
303,0,24,1575.68,25,25,False,12.73981850106406,26.22089088,1915.5215624406515,2923634.84,0.48661495675976774,0.10437908791741762,1.5617075188117304,0.3464061499162884,,
304,0,24,1113.7083333333333,24,25,False,7.792080256049252,18.533220375,1610.3579001934584,1561378.0416666667,0.7001821399562252,0.14081411455134069,1.6684174663695746,0.3037430425369903,,
305,0,15,929.625,16,16,True,5.725711573571612,15.469889625,3035.241225050352,2804255.375,0.45575092071998213,0.07660423481892989,1.5653559792599607,0.3265345868969728,-18.13200464900183,False
306,0,24,866.48,25,25,False,5.182328352239754,14.419093679999998,2038.5728594696564,1739437.76,0.5349261735962874,0.09520729084154081,1.4005241663156334,0.3436523194209578,,
307,0,19,982.3,20,20,True,6.2360129515607206,16.346454299999998,3250.99169692634,3173934.05,0.5270460957273879,0.12516611603237568,1.609980235016139,0.32439167025443744,-34.85047784269025,False
308,0,24,939.96,25,25,False,5.837339402802278,15.64187436,1746.9322535887095,1616603.92,0.6710154157158184,0.1306416679732384,1.6156826799572341,0.3174770219777392,,
309,0,24,1104.52,25,25,False,7.429068085657608,18.38031732,2407.3639441200103,2648104.88,0.5056359576910968,0.08714465104300835,1.5624151038683463,0.3480813837936703,,
310,0,24,1801.56,25,25,False,15.50967555808522,29.979759960000003,3062.911511546907,5476840.68,0.4510458869089228,0.09665563203698259,1.4919018466111393,0.36329407835607597,,
311,0,24,1025.68,25,25,False,6.698174503024534,17.06834088,1677.7863456182738,1649014.48,0.4606587736018568,0.09554870248291644,1.5598940627774198,0.35105692565106394,,
312,0,20,809.3333333333334,21,21,True,4.684653550256002,13.468116,1844.0228379990704,1457232.0476190476,0.4029312370966097,0.07846495818443328,1.528072349927167,0.3501446071523098,-16.078019199903714,False
314,0,24,1162.6,25,25,False,8.062752185459077,19.3468266,2079.3920377222294,2375297.64,0.38543815723830066,0.09574344588481733,1.3736994170449908,0.3729740379880038,,
315,0,18,1004.9473684210526,19,19,True,6.549871149258851,16.723329157894735,2827.722012415638,2903228.4210526315,0.4272823330485521,0.09403146972946425,1.486927396787836,0.3751428883078201,-167.29315364173945,False
316,0,14,961.8666666666667,15,15,True,6.068282333881753,16.006423199999997,2441.934749185816,2265470.2666666666,0.7104762245392713,0.1399506315642957,1.6684914000533129,0.3067759256623325,-332.51099746539666,False
318,0,20,847.8,15,21,True,5.039208862777317,14.1082398,2083.3558446753814,1818758.8,0.8134683486549855,0.2066180901476536,1.533222966339376,0.26861419641802464,,False
319,0,20,905.9047619047619,21,21,True,5.545648061624745,15.07516114285714,1650.3778928211568,1483213.142857143,0.37038226634401156,0.08171181435241721,1.5135816444989312,0.3513216438175166,-11.88618002978271,False
320,0,24,1169.72,25,25,False,8.118564372834987,19.46531052,1209.5799581819501,1400560.6,0.5592867538401507,0.1007444174877705,1.596247347512228,0.33570282186228534,,
321,0,24,1138.76,25,25,False,7.77655569971779,18.95010516,2550.6377414433473,2887231.68,0.5042590909251905,0.10811684030483874,1.6042458202630023,0.3373004308118787,,
322,0,21,1186.2272727272727,22,22,True,8.287590703262739,19.740008045454545,2469.5853671744385,2899113.727272727,0.5420589252874075,0.09265310553342175,1.5726284107251525,0.3368904352507282,-12.19904397836322,False
323,0,19,1417.15,20,20,True,10.888201123515673,23.582793149999997,3488.4893706187445,4779769.6,0.3874066428994991,0.11106961392001598,1.4919272680207625,0.3621140315212953,-180.66880796623943,False
324,0,24,1474.16,25,25,False,11.53010505860134,24.53149656,2210.772997336545,3200291.88,0.4272295766327822,0.08868531892518142,1.4759574131600843,0.360368381574868,,
325,0,24,971.6,25,25,False,6.130785967449843,16.1683956,2769.094671502753,2670639.88,0.5084805185235706,0.10902677980032922,1.5770015450402775,0.34918142176108774,,
326,0,10,750.6363636363636,11,11,True,4.161432784810874,12.491339727272726,1759.4424488366917,1312736.7272727273,0.5290416627396486,0.10322257668295495,1.5689112494582764,0.33236850312652144,-62.6966318661324,False
327,0,24,741.64,25,25,False,4.100803651249236,12.34163124,3155.5971631056177,2292946.68,0.3843353394622337,0.08787222053777512,1.5525914975487936,0.342747856625725,,
328,0,14,706.6666666666666,15,15,True,3.8195646501002747,11.75964,1645.2796565863248,1141626.8666666667,0.7192641817108013,0.16671552101911577,1.7517264892803004,0.28133030272249204,-19.282117281449658,False
329,0,19,907.65,20,20,True,5.592488962776272,15.104203649999999,1889.5967030925028,1667120.5,0.42606404856849756,0.09096850456553637,1.4640539889685908,0.3531077796253991,-18.38696824636384,False
330,0,24,1123.4,25,25,False,7.6251814341531565,18.694499399999998,2208.3143231438457,2455250.88,0.6086683418495896,0.11553842699352153,1.6208764460793432,0.331554997789414,,
331,0,24,1276.76,25,25,False,9.333700919309297,21.24656316,1417.0418242275844,1756619.36,0.5945901802156355,0.12280589111881249,1.6909811362333347,0.3073548562361585,,
332,0,24,876.6,25,25,False,5.246387751105251,14.587500599999998,2672.161441902015,2336624.24,0.4841904444258032,0.09190003183743861,1.6202381874597285,0.33157599301004353,,
333,0,24,948.08,25,25,False,5.9315109307868354,15.77699928,2029.4394015303894,1893889.16,0.5151126110262109,0.11008078112253444,1.637018244883613,0.33268556517550385,,
334,0,17,639.8888888888889,18,18,True,3.291647090900488,10.648390999999998,3109.7211576237005,1978351.5555555555,0.2843928527659545,0.07899859221587784,1.3792862619860695,0.4000943583540504,37.711209430081425,True
335,0,24,1379.4,25,25,False,10.422685905983672,22.9545954,3248.867148673757,4318388.88,0.3771608767558899,0.08532095504123557,1.5255109429015616,0.3515721525579074,,
336,0,24,1354.48,25,25,False,10.071383634917048,22.539901680000003,2504.2143096831146,3385136.8,0.6121545073193545,0.12440703721002003,1.6082446938962471,0.32502772726047136,,
337,0,17,1088.7222222222222,18,18,True,7.293509765371267,18.1174265,2284.278093802195,2427300.5,0.610559823457789,0.12666589234942835,1.6534619715730046,0.3173415658003267,-158.28644632246937,False
338,0,13,735.3571428571429,14,14,True,4.045912838181963,12.237078214285715,1409.2354419764051,1024359.9285714285,0.5894711373734973,0.11276770771760376,1.5689520434693012,0.3171424126931793,-48.13323462804546,False
339,0,18,1427.0526315789473,19,19,True,10.971465293395559,23.747582842105263,2147.6292520502175,2992152.210526316,0.6242091516715793,0.12678206552313198,1.6234131542263797,0.3210687547632287,-169.93912075419078,False
340,0,24,1027.6,25,25,False,6.740332355881898,17.100291600000002,1392.7050129145357,1359535.52,0.6933017130422034,0.15098354560186847,1.6713833141559093,0.298586032164976,,
341,0,24,890.9333333333333,15,25,False,5.450666170885595,14.826021599999999,3366.8631558592597,2924990.1333333333,0.2935930959800446,0.08889876262690091,1.5286896639143288,0.3464309196562795,,
342,0,24,917.0,25,25,False,5.624169527725922,15.259796999999999,1967.8559775430156,1776753.8,0.6183617547882304,0.12935327691742413,1.678383869428649,0.31018384481394823,,
343,0,24,421.8333333333333,24,25,False,1.757014433297569,7.019728499999999,3134.96204268496,1321622.2083333333,0.22578641876769437,0.07080782050932895,1.2168606364742969,0.4448599915823395,,
344,0,21,940.15,20,22,True,5.882842107497409,15.64503615,2707.8099657787607,2563185.0,0.4531359736844995,0.0863078017092831,1.4887966085933573,0.35282233832177107,-703.9225651083311,False
345,0,3,1030.75,4,4,True,6.821699459752233,17.152710749999997,2430.430990013858,2549889.25,0.23441168362250536,0.06718793809144447,1.1341974499766336,0.45218589354838756,72.47727318650237,True
346,0,24,1196.0,24,25,False,8.565120758500194,19.902636,3309.3185275205265,3738890.875,0.42560687505124056,0.08546598623524826,1.4662478013586158,0.36667465396591,,
347,0,24,1266.92,25,25,False,9.142632389197573,21.08281572,2535.37381623142,3200359.64,0.48321416276695645,0.08869894869380074,1.5301770149584735,0.3458365570754871,,
348,0,11,493.25,12,12,True,2.2313846117823903,8.20817325,2414.953511958499,1146907.6666666667,0.76039678400495,0.18435401248423025,1.7686808373198322,0.2640926681962283,-223.5147631707298,False
349,0,24,974.32,25,25,False,6.240439046775972,16.21365912,1562.52486516943,1429560.52,0.6781156127822999,0.1433343311789559,1.7173554865838878,0.2966906890631338,,
350,0,19,1095.5,20,20,True,7.527155535222039,18.2302155,1860.100526874352,1824687.15,0.5981747974360425,0.12186963981065939,1.6536115929328499,0.3192273247779122,-108.40224783800203,False
351,0,19,1155.75,20,20,True,7.932881583101223,19.23283575,2677.8568687229254,3093956.65,0.5401645020969591,0.1141439587744073,1.6053579620566532,0.3392466266008537,-62.62305978943081,False
352,0,16,843.2941176470588,17,17,True,4.9735158355904385,14.033257411764705,3097.780598148725,2580288.294117647,0.28709599878424596,0.08996453550921553,1.334475894732297,0.40139949091614635,-14.858324364015097,False
353,0,24,1335.68,25,25,False,9.90825588598734,22.22705088,3592.4142188470164,4719149.36,0.3562834136186149,0.10339374303940739,1.5007962839551092,0.35972225055853607,,
354,0,24,1190.8,25,25,False,8.303324690121306,19.8161028,2103.722055218575,2499944.84,0.5000191478292638,0.10047146195732737,1.5765250453902626,0.3505347537603605,,
355,0,24,920.24,25,25,False,5.669636456915731,15.31371384,1339.7464512801848,1221357.24,0.5564664352689622,0.1122653505383533,1.6442209987000993,0.3228307444962239,,
356,0,24,798.68,25,25,False,4.573942413780099,13.290833880000001,2536.5102352477475,2010410.56,0.37384582232996466,0.08855993729187013,1.571594876181768,0.3278287458692472,,
357,0,18,697.9230769230769,13,19,True,3.7402957515271735,11.614137923076923,1846.710535632068,1305365.4615384615,0.39427333650002766,0.08573305580563675,1.2161864155636473,0.34349075177129595,-163.58378116990156,False
358,0,24,1936.56,25,25,False,17.274902599778365,32.22629496,1845.087094987223,3554725.52,0.3803785003187856,0.06013464476386755,1.3546892979904321,0.3884768899842503,,
359,0,17,1436.7222222222222,18,18,True,11.200958949983791,23.9084945,2365.689031093043,3173953.9444444445,0.49535541984053183,0.09139117534240997,1.5594282720004984,0.34350903859442156,-312.0970477973907,False
360,0,24,979.76,25,25,False,6.227615340071303,16.30418616,1293.6709184303045,1251588.84,0.4785082115484463,0.09651080004469204,1.5928965392828933,0.34004439732715375,,
361,0,24,854.0,25,25,False,5.048046636698378,14.211414,3790.0466414465955,3223145.84,0.39172207139377746,0.10008992399738677,1.47762570953016,0.35137553611618716,,
362,0,6,780.1428571428571,7,7,True,4.404753651953779,12.982357285714285,2713.975277917015,2111810.1428571427,0.5791866172981331,0.11299286891742444,1.5265287782768422,0.31986980579322843,-196.9265898774427,False
363,0,24,1197.88,25,25,False,8.379536002332223,19.933921079999998,3049.133424639983,3644392.36,0.5254660199725533,0.10356382412130788,1.4833902471484672,0.3390686320656857,,
364,0,24,1071.44,25,25,False,7.119511030833662,17.82983304,1691.4357133743645,1784706.96,0.5310716950251863,0.10222831569204181,1.5545493084986264,0.3469461322993242,,
365,0,24,1080.08,25,25,False,7.244857123899575,17.973611279999997,2302.138240526648,2424245.0,0.3036077628130011,0.09174542686044525,1.4163307513515873,0.37175352772014675,,
366,0,17,1183.388888888889,18,18,True,8.261508488024646,19.6927745,2791.9317026594845,3242006.1666666665,0.5366365841959332,0.10815964170571957,1.5510577086470607,0.34719021058070076,-47.21412551615738,False
367,0,9,556.4,10,10,True,2.6620602851856305,9.259052399999998,1943.674962367455,1062189.8,0.6807621080088856,0.1730970604029076,1.7482554844045812,0.28662128607069715,-111.26762920044112,False
368,0,13,1357.142857142857,14,14,True,10.126741862513168,22.584214285714285,4149.627692171319,5619840.071428572,0.2672688452354709,0.10250554349476627,1.3084998175864295,0.4075140819130845,-119.12921544536803,False
369,0,24,782.2,25,25,False,4.539494188181781,13.016590199999998,2559.6005160069453,1920034.16,0.3892676762029389,0.07457348023604495,1.4819111739214494,0.34607566787921357,,
370,0,23,327.2,5,24,True,1.1994333665328003,5.4449352,263.4851460297199,84073.4,0.3396036175325428,0.045936484653465025,1.085053063638277,0.5117934763500894,,False
371,1,22,1008.6363636363636,22,22,True,6.537180178685395,16.784717727272728,1501.897577540407,1451291.2272727273,0.5430620275964954,0.12188871049998942,1.5483161888017647,0.3205173086721094,-151.76178638103173,False
372,1,14,594.3571428571429,14,14,True,2.956587951024937,9.890697214285714,2985.6698018490747,1757416.5,0.3612839844136934,0.07477116315075459,1.3924624186438492,0.37043713054751864,-34.188477441389644,False
373,1,21,1326.5714285714287,7,21,True,9.83477541167676,22.07547514285714,2808.09300580192,3639843.4285714286,0.4016096838915539,0.08098094862707206,1.5304485653710682,0.3694079163714205,,False
374,1,24,864.9583333333334,24,24,False,5.201352485816308,14.393771625,1599.4704884614378,1378070.0,0.37696254108423694,0.08415417150459581,1.5070572010858638,0.34902774850050355,,
376,1,10,736.0,10,10,True,4.041092621878972,12.247776,4497.1730071049315,3312287.2,0.3174217704550125,0.10545193513016807,1.5162613319270255,0.34630586882799985,26.15517914939686,True
377,1,16,713.6428571428571,14,16,True,3.923335186953292,11.875730785714286,3305.195100416548,2280670.5,0.2587863093069281,0.08474474061527786,1.4440319767600471,0.3632754125735472,-230.66139003037273,False
378,1,11,529.4545454545455,11,11,True,2.49616489105741,8.81065309090909,3983.208070848254,2106527.3636363638,0.5429262410518814,0.16582760698552285,1.6332250313490633,0.3014543401428925,103.68517820820088,True
379,1,17,486.3333333333333,9,17,True,2.217940416226759,8.093072999999999,2560.2695025734647,1210040.0,0.31627040888715047,0.07703403692029148,1.3715440658143732,0.3841035202926824,-120.04778071545887,False
380,1,22,436.8,5,22,True,1.8827085633622094,7.2687888,2694.775934211146,1223394.8,0.23273248277327624,0.07066114673963926,1.279363571552722,0.4306087998943636,,False
381,1,24,957.0833333333334,24,24,False,5.992725288861295,15.926823749999999,3193.9861066186536,3025858.0833333335,0.29316968893873446,0.06711891094706708,1.5712537635789134,0.34188332078718336,,
382,1,15,721.1428571428571,7,15,True,3.9109256808048474,12.000538285714285,2930.3382246287465,2116828.8571428573,0.3570457073012833,0.08623468813793633,1.3552253611511047,0.3545673863051407,1.3009316749605908,False
385,1,17,406.25,4,17,True,1.6664544020487717,6.760406249999999,2829.4525888247526,1186271.75,0.22433131214632238,0.06354182104343117,1.0568675229184559,0.467381048706789,,False
386,1,22,840.2307692307693,13,22,True,4.989086524244704,13.98228023076923,1721.8870998864356,1365078.0,0.45334866183251166,0.09461138068055532,1.6000514361146811,0.32564618692994274,-167.46257178235322,False
387,2,24,860.0,23,23,False,5.11566375189382,14.311259999999999,2576.688379078446,2182289.434782609,0.8292645427047188,0.1698872179318306,1.7202096842507986,0.294287085953872,,
388,2,24,964.7826086956521,23,23,False,6.076755878608288,16.054947391304346,1736.8518559517265,1651657.347826087,0.41154168020383824,0.06966655677286882,1.5051407980729024,0.34864197502250127,,
389,3,13,711.875,8,11,True,3.9216254154685792,11.846311875,3118.3981652278867,2110655.25,0.40620480229793554,0.07580575291675695,1.2705200942086337,0.34935708878550753,-182.9427220372766,False
390,5,24,949.2,20,20,False,6.297944038311798,15.795637199999998,2510.4177563947624,2227361.3,0.16850002146406332,0.05366903445023796,1.115765580876834,0.464171640838161,,
391,5,12,703.875,8,8,True,3.770604417928096,11.713183875,1564.4046931526857,1100236.75,0.6388076345676866,0.10361183889860123,1.590242413425188,0.32167845561299613,-3.219080254445405,False
