track_id,first_frame,last_frame,mean_area,num_detections,lifetime,disappeared,mean_volume,mean_surface_area,mean_fluor_intensity,mean_fluor_total,mean_cv,mean_nnrm,fluor_disappearance_frame,max_drop
0,0,1,1075.5,2,2,True,26544.036919845785,4302.000000000001,3800.2946498431666,4106695.5,0.6038747853397551,0.13113987825325246,,0.41995024797932134
1,0,18,610.1052631578947,19,19,True,11479.663184743944,2440.4210526315787,1729.535558549145,1025517.2631578947,0.7158994667625737,0.13557995125520886,,-0.28660574621355145
2,0,24,1071.64,25,25,False,26470.04367257157,4286.56,2725.2611942034646,2873996.24,0.5179331072528748,0.1119453242512047,,-0.10203675432957085
3,0,24,760.6,25,25,False,15889.456538155277,3042.4,1787.6077908964942,1340530.36,0.5282591605777783,0.11134252497574051,,-0.10125515842983822
4,0,2,995.6666666666666,3,3,True,23656.86844818844,3982.6666666666665,2371.669620199618,2352121.3333333335,0.49912703173541395,0.09329391226964491,,-0.10463880908771578
5,0,24,1009.0,25,25,False,24244.01314393629,4036.0,1853.9582614176543,1845799.0,0.5561394833606436,0.11245075690266235,,-0.10697186742700554
6,0,24,1268.4,25,25,False,34698.12650277505,5073.6,1335.5615152068888,1531847.24,0.6445939605511435,0.10597105278165009,,-0.24846108562606214
7,0,24,1649.76,25,25,False,50462.36378484887,6599.04,2729.6547940411583,4496651.96,0.5635022424167488,0.11106669975073653,,-0.1202619759621559
8,0,15,1084.5625,16,16,True,27276.494300955877,4338.25,2512.4653746821946,2543051.3125,0.6691341981381296,0.14453264833347723,12.0,-0.32220087170098194
9,0,15,851.4375,16,16,True,18737.959524608206,3405.75,3122.4233200203844,2644369.9375,0.5061293150810813,0.10213671347079206,,-0.07600418070617139
10,0,24,1143.68,25,25,False,29291.98779388769,4574.72,2232.6653189847207,2500694.88,0.4798305603925948,0.09813827052019874,,-0.20899833994553518
11,0,24,1101.88,25,25,False,28142.416912489,4407.52,1831.319809979726,1842061.52,0.4194270973200141,0.10409193343668273,,-0.28508045068251986
12,0,17,941.3888888888889,18,18,True,21848.47116622344,3765.5555555555557,2543.462370812492,2359604.5555555555,0.2977291117085531,0.07228665683926412,,-0.08535974821844557
13,0,24,791.8,25,25,False,16853.22985205812,3167.2,1938.4831350661168,1516590.2,0.4301755383457161,0.07435135983871616,,-0.06124133353740436
14,0,14,1540.6666666666667,15,15,True,46239.03138345814,6162.666666666667,1722.588492941558,2392586.2,0.41224500360495525,0.08494331116939495,,-0.18524620781428472
15,0,24,1257.88,25,25,False,33823.5641277387,5031.52,2300.1828316620263,2830359.28,0.38494976661629776,0.07374383323784434,,-0.1326472929922337
16,0,12,1260.5384615384614,13,13,True,33838.7754726908,5042.153846153846,1526.0814231435438,1885684.923076923,0.35885775067654513,0.0638368029932385,,-0.06800893317299433
17,0,24,931.68,25,25,False,21643.645774220066,3726.72,2737.3516929834454,2451869.32,0.47476261627582245,0.1000625720383693,,-0.08181690490853889
18,0,24,1458.44,25,25,False,42118.636331872556,5833.76,2470.800262070436,3529015.32,0.4639647631990713,0.08697210630473623,,-0.1535828483329318
19,0,19,1084.35,20,20,True,26990.540460158965,4337.4,3223.3585903912285,3436457.0,0.4787122745381479,0.08430448165535555,,-0.1884267838538125
20,0,16,813.1764705882352,17,17,True,17462.324710037403,3252.705882352941,2401.250788625035,1948208.8235294118,0.3056250554794368,0.10526887083032696,,-0.059528445943670245
21,0,24,840.24,25,25,False,18525.064946114333,3360.96,2454.4590948439263,1992221.52,0.5072026014848356,0.10935093760941048,,-0.1035657190891848
22,0,24,1340.44,25,25,False,37219.25893769828,5361.76,1922.778307463904,2548596.76,0.48875062482579507,0.09520860879851174,,-0.11064670585165974
23,0,24,837.56,25,25,False,18570.674404142745,3350.24,1665.2956220277015,1285262.8,0.29693082802119564,0.07919388885605462,,-0.21561569867068656
24,0,11,858.25,12,12,True,18963.31184013847,3433.0,2829.5867605500334,2400737.5,0.7903555589217753,0.17488397056442814,,-0.27896033782885654
25,0,24,1597.68,25,25,False,48181.04835413335,6390.72,1693.026286308119,2694980.8,0.45587679500378087,0.09230300515082657,,-0.149279989645978
26,0,24,773.32,25,25,False,16258.172123497474,3093.28,2384.61173455778,1817774.0,0.40622927525021346,0.07690616189602972,,-0.12517549085305885
27,0,24,771.32,25,25,False,16204.63386448215,3085.28,3192.761642007429,2424730.44,0.3248382325244513,0.06970447829630488,,-0.12165574376363543
28,0,24,1084.96,25,25,False,27114.317750231425,4339.84,2115.133668155321,2242057.16,0.5208276254974792,0.10842855984539065,,-0.12259650731319142
29,0,21,1007.3636363636364,22,22,True,24267.98992937077,4029.4545454545455,2261.9644443020666,2219837.4545454546,0.5470173880475839,0.1051426300511292,,-0.14550326161288366
30,0,24,1425.04,25,25,False,40667.47936762046,5700.16,1400.5139778442017,1973734.32,0.4845410152828378,0.09886498619595292,,-0.18783706875525083
31,0,5,596.0,4,6,True,11015.134108032278,2384.0,3135.1263926980896,1886734.25,0.289157595018949,0.05251585289860755,4.0,-0.4024884625327972
32,0,18,1020.2222222222222,18,19,True,24900.169940177704,4080.8888888888887,2156.811713067125,2086117.0,0.44693143747703323,0.06444155501998643,,-0.1176214678015028
33,0,22,1295.0869565217392,23,23,True,35137.89167465374,5180.347826086957,2966.5771057083825,3827289.9565217393,0.3603400324787885,0.09949864730258524,,-0.14655514184218488
34,0,23,1205.904761904762,21,24,True,31878.468473694436,4823.619047619048,2904.403263735778,3429243.1428571427,0.3160516792664769,0.09687810923938793,23.0,-0.40233655166057125
35,0,24,856.52,25,25,False,18990.371727663325,3426.08,2172.459311162595,1830575.24,0.5364663255617867,0.09604094235111786,,-0.11148084659929
36,0,24,772.0833333333334,24,25,False,16203.424238932399,3088.3333333333335,2006.01573070584,1534824.3333333333,0.48288071922856907,0.08103067395159823,,-0.09048235934364104
37,0,20,799.3888888888889,18,21,True,17113.841187448874,3197.5555555555557,2335.754934352104,1805788.7777777778,0.7217483614435439,0.14901992640835365,20.0,-0.925524683959069
38,0,20,1104.5714285714287,21,21,True,27825.89140542454,4418.285714285715,2770.013151129977,2968979.285714286,0.6255613946814207,0.13761717579351804,,-0.10283258973229269
39,0,14,936.4,15,15,True,21630.100212374156,3745.6,2961.8794918522767,2746532.2,0.7148706409372381,0.172614019618139,,-0.10205604345702161
40,0,24,1017.64,25,25,False,24540.587549867894,4070.56,2454.3937234059413,2462087.72,0.40702407777165533,0.08874212665474554,,-0.12759875321756067
41,0,10,687.3636363636364,11,11,True,13592.134864636337,2749.4545454545455,3634.8434650756535,2486816.090909091,0.7584042595781443,0.19222212012964252,,-0.031180964955355106
42,0,13,820.5384615384615,13,14,True,17721.852491526217,3282.153846153846,1883.6319075312158,1537944.3846153845,0.7011629363354028,0.14765221830898184,,-0.11424738863726161
43,0,24,850.24,25,25,False,18747.558838019635,3400.96,2573.730389765501,2161858.96,0.49525313716262404,0.09054321332792953,,-0.07195462448634395
44,0,16,1252.5882352941176,17,17,True,33996.868254100926,5010.35294117647,2337.2899588538617,2648904.411764706,0.36319844309584004,0.07066952154124834,,-0.17494556536006595
45,0,24,1300.36,25,25,False,35708.43357256188,5201.44,1934.9873128969866,2412468.0,0.45033100340196713,0.08667741365427553,,-0.19321721836258202
46,0,9,772.2,10,10,True,16253.282629127189,3088.8,1736.2802224251718,1344806.5,0.3106934291244143,0.05424297186526642,9.0,-0.3251906429293412
47,0,20,812.3809523809524,21,21,True,17501.666687483732,3249.5238095238096,2225.3770434132193,1764084.9523809524,0.6385501176552859,0.14679135078088817,,-0.10981943609190718
48,0,24,1196.0,25,25,False,31380.891952965176,4784.0,2278.7264059609397,2651369.36,0.4445450276972799,0.10012587653557245,,-0.09772833130193113
49,0,24,1050.28,25,25,False,25745.17291467712,4201.12,2648.1597067937155,2752480.72,0.37552826993700333,0.09763132848796491,,-0.053751526303366895
50,0,24,1131.52,25,25,False,28668.28530155578,4526.08,2749.649669495312,3110479.84,0.35488391622198284,0.09459673716171352,,-0.12218007427889095
51,0,24,886.68,25,25,False,19944.69310797127,3546.72,2187.449210591116,1923352.92,0.4133117548788228,0.07712632386647396,,-0.07148252633772395
52,0,17,1237.1666666666667,18,18,True,32873.34719907524,4948.666666666667,4094.952970555227,5025177.888888889,0.5684484002989225,0.10497759864038878,,-0.10958360719132512
53,0,24,1096.72,25,25,False,27645.855434307374,4386.88,2236.7781406484182,2378058.64,0.4161199299002922,0.08327654116683329,,-0.18281261381744848
54,0,24,1007.16,25,25,False,24131.117623959366,4028.64,2451.570913214309,2448615.24,0.4562375427435439,0.10198402566673966,,-0.09273379457133002
55,0,24,1252.56,25,25,False,33482.550822995996,5010.24,2987.618993861627,3679424.16,0.47478763119645967,0.10689849171204212,,-0.16894476122820482
56,0,15,1029.4375,16,16,True,25137.361188503684,4117.75,3861.3715948459303,3810627.75,0.7180783431273671,0.154108315170719,14.0,-0.3277730044797694
57,0,24,967.0,25,25,False,22677.39978492391,3868.0,2636.522023931344,2535888.16,0.5129609786882785,0.11809912690345457,,-0.0762546517861117
58,0,24,1012.48,25,25,False,24374.23124070971,4049.92,1922.6753786823642,1917658.6,0.5130959736906991,0.10168162657325734,,-0.10114677300553204
59,0,24,1448.32,25,25,False,41974.3180975344,5793.28,2781.983527889878,3860787.92,0.47394014331867473,0.08575904091944736,,-0.24640753589877903
60,0,20,933.2857142857143,21,21,True,21623.92457355194,3733.1428571428573,2226.721708994333,2041217.0,0.39469819629119673,0.0951549359787102,,-0.0716635077529645
61,0,24,1058.88,25,25,False,26510.97717698296,4235.52,1598.7706573902053,1525957.96,0.805423554814222,0.15289172169339843,17.0,-0.42773546999243084
62,0,24,1430.4,25,25,False,40935.21580781889,5721.6,1589.6737051404425,2236125.36,0.4836539256797429,0.09353078020732816,,-0.2681447060315575
63,0,24,1355.88,25,25,False,37682.962365683175,5423.52,2901.9260037614954,3903231.2,0.4777013153074829,0.09892660141724255,,-0.10898459732918349
64,0,24,1157.52,25,25,False,30031.327878865042,4630.08,2255.2132793777437,2504458.92,0.5039391209021042,0.0854247127523076,,-0.16750505937984342
65,0,24,1269.88,25,25,False,34396.57265432113,5079.52,2824.6754504022083,3434079.84,0.3894952621690216,0.08830005767967343,21.0,-0.3428651914451981
66,0,18,949.1052631578947,19,19,True,22038.32367587094,3796.4210526315787,3279.6870663889526,3099695.0,0.35485054677059685,0.10135247776024646,,-0.21897013819597325
67,0,13,777.0,14,14,True,16325.87024812845,3108.0,2424.5908809033895,1874068.857142857,0.6853230659877075,0.14233336678288938,,-0.10326928646709092
68,0,11,879.8333333333334,12,12,True,20145.95071780744,3519.3333333333335,3102.5941231906004,2506472.9166666665,0.6340395679794758,0.1554558036806695,,-0.17631767514235683
69,0,24,1081.304347826087,23,25,False,26902.4152130765,4325.217391304348,3372.8824880100806,3541290.217391304,0.32487719104849455,0.04813792512894768,,-0.12541827195786837
70,0,6,772.1428571428571,7,7,True,16182.967132640832,3088.5714285714284,1781.2161577429056,1369832.7142857143,0.8511820392447461,0.1692635359655513,,-0.04991633020280215
71,0,24,1439.04,25,25,False,41219.67033571623,5756.16,3141.7735634744067,4502908.68,0.4044930728831336,0.11485895023880806,,-0.10813599138501376
72,0,5,1082.5,6,6,True,26834.338713897454,4330.0,1381.56481842077,1483926.0,0.5739079442082673,0.09668539093460876,,-0.08977854361773424
73,0,24,924.12,25,25,False,21228.379326449845,3696.48,2612.0690797444427,2394758.56,0.45627547416407876,0.08829239571559733,,-0.11892507403337706
74,0,24,1062.16,25,25,False,26176.840633980682,4248.64,3328.8727957491997,3470592.56,0.4973184852981698,0.09095291294317809,,-0.1184261181775821
75,0,10,935.9090909090909,11,11,True,21619.669517926042,3743.6363636363635,2618.1588204417862,2410920.0,0.4036611986446003,0.0952586449223769,,-0.07985354899489512
76,0,17,997.6111111111111,18,18,True,23892.780048704397,3990.4444444444443,2035.8525636804359,1979091.9444444445,0.43492730149436326,0.07474514872572495,17.0,-0.5069049557168412
77,0,1,1293.0,2,2,True,34992.64236490278,5172.0,976.6820991351428,1267473.0,0.35519145885368975,0.07959322692852167,,0.3163180084540555
78,0,24,821.44,25,25,False,17824.943875563153,3285.76,3496.1505900020093,2799999.96,0.7013076527553551,0.14569459824827272,,-0.09764598272709263
79,0,24,1172.6,25,25,False,30436.11569536304,4690.4,2757.7277326699696,3159930.04,0.4478286917832267,0.08089919138485765,,-0.14439969660513274
80,0,24,973.24,25,25,False,23018.4323874025,3892.96,2582.453698559384,2455283.68,0.48727968536184824,0.09907657442755834,,-0.10195061736711282
81,0,20,883.4761904761905,21,21,True,20060.538240014208,3533.904761904762,2184.5018595750057,1860325.6666666667,0.4478579700612564,0.09420583937689578,,-0.26807158507984863
82,0,24,1361.36,25,25,False,37950.91301657181,5445.44,2825.920452510643,3816776.84,0.3205772988428426,0.1013139310100334,,-0.24309158839576545
83,0,13,820.4285714285714,14,14,True,17843.81967731895,3281.714285714286,2289.2585588205307,1815656.5,0.5471543864093525,0.11376570999510822,,-0.13672408211488207
84,0,24,1075.16,25,25,False,26721.598639774686,4300.64,2357.1775266047616,2487708.08,0.4224928857749905,0.08686129785203602,,-0.11053328565046736
85,0,1,1291.5,2,2,True,34952.38938652865,5166.0,2088.3875790521797,2710876.0,0.2793138898335149,0.02847329592283171,,0.34635355132655965
86,0,14,983.0,15,15,True,23265.588582529126,3932.0,1984.4711367219884,1929070.2666666666,0.599921920349409,0.12912146126422677,,-0.26487731841965145
87,0,24,975.84,25,25,False,23112.84378485189,3903.36,1650.609102636764,1559749.84,0.5008750571305639,0.08119793799276978,,-0.2658305616025594
88,0,24,957.2,25,25,False,22369.896553094764,3828.8,2386.304407087552,2264683.76,0.4059809861741928,0.09427510740998601,,-0.274760919242875
89,0,24,1192.56,25,25,False,31092.197467232927,4770.24,2444.834018317305,2896183.48,0.4580648279856183,0.10025086734311411,,-0.1234401246541965
90,0,24,1028.52,25,25,False,24912.90803744623,4114.08,2525.727828177809,2561656.2,0.4897972829304307,0.10452736276539559,,-0.10222674504966858
91,0,24,1035.04,25,25,False,25430.332579252183,4140.16,1983.9929849356968,1936049.92,0.4452468667477302,0.10658424986319284,,-0.1375692844785332
92,0,16,1003.0588235294117,17,17,True,23969.685094301876,4012.235294117647,3312.9549998234725,3296028.0588235296,0.48968310496630424,0.10555471247704341,,-0.039846449470808405
93,0,19,1169.6,20,20,True,30248.509793211666,4678.4,2345.324803874806,2711074.55,0.4918713831355156,0.10552904711680769,,-0.09976267471694167
94,0,24,1213.04,25,25,False,31928.993071935507,4852.16,2096.1376339582293,2503767.04,0.5372679848026877,0.11237131085409573,,-0.15095226044651877
95,0,24,1404.56,25,25,False,39879.37829865844,5618.24,2212.497279678338,3063408.2,0.37197222613161424,0.1039764215478509,,-0.12908321605979553
96,0,17,957.3333333333334,18,18,True,22382.986296891544,3829.3333333333335,2489.046086101958,2341464.0,0.7349604123472646,0.1672435564443632,,-0.25713057373026155
97,0,8,848.3333333333334,9,9,True,18601.338251834797,3393.3333333333335,2987.246893529494,2528276.4444444445,0.8300509556762298,0.17991811146811226,,-0.062139745719830254
98,0,24,928.32,25,25,False,21324.257970736,3713.28,2315.6703194791853,2134937.0,0.49440034464341864,0.10553956565454703,,-0.15137148401603787
99,0,24,1014.52,25,25,False,24538.767127759704,4058.08,2508.3004909048595,2505467.64,0.29469475974224785,0.10799763135211111,,-0.1112467204383728
100,0,8,813.1111111111111,9,9,True,17446.201461040706,3252.444444444444,3416.62949169093,2776844.5555555555,0.6566475419805964,0.18344821474477485,,-0.10305464488025635
101,0,24,1615.64,25,25,False,49063.97646603142,6462.56,2002.9964356242092,3216508.04,0.48839589053759896,0.09798881221964251,,-0.14976982596513821
102,0,8,655.5555555555555,9,9,True,12698.905629844696,2622.222222222222,1704.0473549192575,1081564.4444444445,0.6088382470264349,0.13477880547459262,,-0.19010583970700642
103,0,24,878.48,25,25,False,19715.666441254012,3513.92,2027.5642473043072,1755120.6,0.5495494999544415,0.1137932746568747,,-0.10677550144121734
104,0,24,1485.48,25,25,False,43178.585215204854,5941.92,1262.736979123224,1872479.48,0.41465147471671804,0.07432246214995782,,-0.136341678487904
105,0,24,731.0,25,25,False,15034.208116426176,2924.0,2419.4475698382976,1727326.32,0.26159180892923556,0.07987431091405434,,-0.08272684205825256
106,0,24,1002.68,25,25,False,24130.43224959701,4010.72,1336.5330900178544,1283170.68,0.5175881646218198,0.09170158320217704,,-0.17404697014241483
107,0,14,1077.7333333333333,15,15,True,26688.700444247366,4310.933333333333,2716.760923450524,2893767.3333333335,0.6651476947965445,0.14271538787841104,,-0.2881455088642091
108,0,24,667.68,25,25,False,13006.015607647041,2670.72,2609.530019399041,1733587.36,0.33440929736844,0.07734111267577838,,-0.11079302537359315
109,0,15,978.8125,16,16,True,23108.502117977256,3915.25,3439.5829872577724,3330616.3125,0.3088815459574909,0.07004600608640028,,-0.0727993431621033
110,0,11,710.3333333333334,12,12,True,14283.742569704746,2841.3333333333335,2336.125638507542,1649652.9166666667,0.4433305436208436,0.07419721489854036,,-0.05872693457723138
111,0,23,1325.6666666666667,24,24,True,36546.04867735622,5302.666666666667,3344.746252127421,4365817.125,0.3903801599866219,0.08713430622072876,23.0,-0.32710369986349647
112,0,17,900.1111111111111,18,18,True,20397.32339450185,3600.4444444444443,2089.138785692006,1864453.6666666667,0.6122329968180604,0.12891334798697923,,-0.10694533692130606
113,0,14,892.0666666666667,15,15,True,20434.72376723732,3568.266666666667,1999.9015636286663,1661646.4,0.5031971525533657,0.11709038162860835,,-0.10723474827647872
114,0,5,985.6666666666666,6,6,True,23300.856735086436,3942.6666666666665,4317.5352047021925,4261405.833333333,0.28368976566081494,0.04398349396589903,,-0.07506514583995805
115,0,24,1033.6,25,25,False,25024.328928622086,4134.4,1864.20401070843,1924343.28,0.3956454842646611,0.08605809826151636,,-0.09444262625788295
116,0,24,933.8,25,25,False,21845.765840444066,3735.2,2037.5473899999142,1780190.92,0.609834127479127,0.14479674956996672,,-0.24541442825063267
117,0,24,912.52,25,25,False,20882.187619265136,3650.08,1544.3990468311524,1390426.76,0.5271664877485814,0.11180223016828199,,-0.15348493832893415
118,0,24,1023.4,25,25,False,24706.81943626705,4093.6,2629.457739375318,2678244.64,0.5112665005247556,0.10038674688646695,,-0.09382948654232459
119,0,7,859.7142857142857,7,8,True,18967.976371066943,3438.8571428571427,2344.7709761981737,2014533.0,0.8892357703556026,0.19112220112124892,,-0.052991313607083416
120,0,20,888.952380952381,21,21,True,20389.56302613953,3555.809523809524,1545.4155491724641,1237640.619047619,0.6831628120764102,0.12048829745954492,,-0.2581054848368373
121,0,11,848.5,12,12,True,18704.50653360767,3394.0,1906.1829995711093,1573995.75,0.5977683107125245,0.1208184822727441,,-0.2572985564636933
122,0,17,1357.111111111111,18,18,True,37721.912006880266,5428.444444444444,2415.7081378271514,3248740.111111111,0.5191431364338747,0.08800084908314014,17.0,-0.3411326868686143
123,0,18,1141.9473684210527,19,19,True,29185.871632671853,4567.789473684211,3028.464857783273,3405439.736842105,0.5778964738685106,0.12419131589787073,,-0.2766299593174489
124,0,24,1279.84,25,25,False,34678.71798443073,5119.36,1754.4129972068745,2215702.56,0.45585506769938894,0.09906019118756249,,-0.11222196658807757
125,0,24,895.8,25,25,False,20418.575718268552,3583.2,1657.068232233766,1417753.72,0.564998148538171,0.10849347130718083,,-0.21531129737867144
126,0,19,942.35,20,20,True,21854.04350948747,3769.4,1861.9169186759232,1743870.0,0.5458664533114348,0.09175350639200129,,-0.15782234359305594
127,0,9,734.6666666666666,9,10,True,14999.025174758492,2938.6666666666665,2882.947554156121,2115481.777777778,0.7221735514712989,0.14309488428524575,,-0.06133637160479645
128,0,20,1090.2857142857142,21,21,True,27187.1394901772,4361.142857142857,1668.4385805118534,1805651.1904761905,0.46273313932481547,0.10333945836099549,,-0.12274822437424063
129,0,24,981.4,25,25,False,23252.171062249156,3925.6,1890.5891488075097,1840590.04,0.5726259285563935,0.1138919894274365,,-0.09846182036807236
130,0,24,1642.84,25,25,False,50770.943156605696,6571.36,1678.8700297042146,2631532.08,0.40664325213638036,0.0860639577815473,,-0.21436550907993743
131,0,24,1221.6,25,25,False,32155.769169772637,4886.4,2447.0939889654355,2988105.56,0.49228294521826027,0.12113468928035866,,-0.11819997128152893
132,0,5,1204.8333333333333,6,6,True,31557.49900027402,4819.333333333333,977.3251186597413,1166577.0,0.413037027859569,0.05877987750992154,,-0.08761839206348264
133,0,23,632.125,24,24,True,11992.450411403637,2528.5,1851.4939369862634,1162117.8333333333,0.619914273532759,0.12359632523306946,,-0.15489395024802918
134,0,24,777.64,25,25,False,16482.321871676217,3110.56,1623.9876606505322,1239297.64,0.5387061805952472,0.08510571685581693,,-0.12856764096794765
135,0,24,1523.84,25,25,False,45319.27946827636,6095.36,2215.2723409458163,3246814.28,0.5703410325283188,0.08563229569973833,,-0.15229858344333802
136,0,24,690.25,24,25,False,13754.282011310066,2761.0,2849.7999562968957,1918835.375,0.5356931857465751,0.11305650589070247,,-0.10570441284767462
137,0,24,1138.08,25,25,False,30038.248727525883,4552.32,2327.061930392542,2258798.0,0.3548136289127226,0.08593398175927319,,-0.15572494351836816
138,0,5,857.6666666666666,6,6,True,18997.10371389626,3430.6666666666665,3652.0466968883443,3151615.5,0.29093268302745945,0.06589312427766354,,-0.19376026935962923
139,0,24,960.72,25,25,False,22492.769620288283,3842.88,3289.7390293247845,3122658.64,0.5415559766428334,0.10852918401736975,,-0.09496384348095654
140,0,24,1218.52,25,25,False,32113.411501694893,4874.08,2936.7491177322718,3545000.28,0.53855212768616,0.10125960370919458,,-0.11284967258344625
141,0,23,686.0,23,24,True,13652.41560316071,2744.0,1714.0215464798735,1123170.9130434783,0.5347415055030388,0.12951607591013456,21.0,-0.33871591634981735
142,0,24,1150.68,25,25,False,29841.125678031076,4602.72,1902.594691804834,2063566.36,0.4672249268815321,0.099157032830038,,-0.2393616015515616
143,0,6,710.0,7,7,True,14250.32552579491,2840.0,2949.9382907766617,2087899.4285714286,0.6344251682737959,0.164665811476485,,-0.049047399566449115
144,0,13,869.9230769230769,13,14,True,19375.423881684346,3479.6923076923076,1677.358662581559,1438513.6153846155,0.6901431903923717,0.12811945256283386,,-0.2092249929285273
145,0,19,839.1,20,20,True,18452.06296571297,3356.4,2784.413957772917,2271264.65,0.6373735019615827,0.14545919263526078,,-0.1425108166027937
146,0,14,1080.6,15,15,True,26871.441527469153,4322.4,2645.210898031045,2821408.6666666665,0.6507077715021166,0.13413148409017,,-0.24040115323742497
147,0,15,873.6875,16,16,True,19467.302326683508,3494.75,2974.767309844607,2572221.25,0.7128819203293155,0.16688437568508419,,-0.271283364160445
148,0,19,1390.25,20,20,True,39580.5237521803,5561.0,2573.196580312478,3402972.85,0.6927255084726922,0.14413856230917257,17.0,-0.3038583726279761
149,0,24,819.72,25,25,False,17726.342171858883,3278.88,2747.707588965212,2229644.56,0.4290783691499875,0.11067924918210138,,-0.1553050986356062
150,0,24,699.4,25,25,False,14201.185264584203,2797.6,1472.0385570931674,960736.64,0.5707963680043215,0.11478432780431021,,-0.1832163118991542
151,0,16,1032.0,17,17,True,25075.993169931196,4128.0,2889.6326975478883,2926056.1764705884,0.6916548014869336,0.13322601279541912,,-0.17089405791409135
152,0,20,1076.952380952381,21,21,True,26823.940783125294,4307.809523809524,2014.2278055402016,2094694.4285714286,0.8697205946715708,0.1607715904088364,20.0,-0.7622934746423571
153,0,20,700.0,21,21,True,14020.719089356755,2800.0,1430.2793846989023,982367.9523809524,0.5008571978133178,0.08573009448013622,,-0.24739975724091745
154,0,24,985.32,25,25,False,23918.66939225231,3941.28,2145.9505646990674,1871952.4,0.49886039322703146,0.09574887854414248,,-0.22027527381104753
155,0,15,899.4375,16,16,True,20317.9673063218,3597.75,2013.1857088222096,1805822.9375,0.49367875977086056,0.10687087945093415,,-0.09485231197050345
156,0,24,1202.76,25,25,False,31568.067683814326,4811.04,1592.4388011233723,1890423.84,0.5181013640440487,0.09309240716214574,,-0.12314491400610046
157,0,24,1013.84,25,25,False,24460.691196696134,4055.36,2415.561621331044,2362361.96,0.47290486198091386,0.10352426913586145,,-0.1331617897497294
158,0,20,821.8095238095239,21,21,True,17840.881269875863,3287.2380952380954,2295.5498742165414,1825669.9523809524,0.5443581836889472,0.1369238288498515,,-0.17072735443345236
159,0,16,599.8823529411765,17,17,True,11077.56354927182,2399.529411764706,1736.7839947025504,1031339.4117647059,0.5045235323504172,0.09555635452735031,,-0.1963967920999023
160,0,16,801.2352941176471,17,17,True,17180.03801060075,3204.9411764705883,1935.981023085524,1521828.294117647,0.772159456681617,0.13430751097690355,,-0.2568193395258582
161,0,24,885.28,25,25,False,19916.502154537142,3541.12,3087.894824335778,2678852.12,0.43393955243566285,0.0900619690055037,,-0.10212878020785454
162,0,20,759.3157894736842,19,21,True,15782.97738645443,3037.2631578947367,3464.864487576195,2595886.4736842103,0.2758005612869202,0.055030554791895704,,-0.13694462153576145
163,0,24,745.875,24,25,False,15648.576643236453,2983.5,2049.117684887887,1396059.5,0.3668440825949764,0.0695098697371802,,-0.20197793018522162
164,0,10,1138.909090909091,11,11,True,28965.419271603725,4555.636363636364,2384.352733033195,2677241.272727273,0.8014639681579137,0.17947240819018404,,-0.2431134325325041
165,0,18,1023.421052631579,19,19,True,25130.139581885152,4093.684210526316,3393.3468041800343,3268027.789473684,0.3753563258901695,0.08175634851163865,,-0.22758401868693479
166,0,22,924.3478260869565,23,23,True,21396.004474744994,3697.391304347826,2765.9019541377143,2536620.6086956523,0.45725085947552596,0.08640141943223381,22.0,-0.7552249896793725
167,0,15,987.4375,16,16,True,23428.21509700903,3949.75,4879.396038766203,4771636.8125,0.32584569229711985,0.12843645055108466,,-0.20535407503777542
168,0,24,1336.04,25,25,False,36999.65120928253,5344.16,2614.682660752962,3438524.36,0.4231506461207379,0.08622558378228519,,-0.12488050306143714
169,0,22,1050.7391304347825,23,23,True,25988.39467770586,4202.95652173913,2386.951425820061,2413739.8260869565,0.6154755086349755,0.13152651017903857,,-0.11661025967928854
170,0,14,653.7333333333333,15,15,True,12618.230920802122,2614.9333333333334,2392.5703711897904,1544843.8,0.7231154769153301,0.16727465708353062,,-0.2687694328649141
171,0,24,672.64,25,25,False,13218.413318657433,2690.56,2070.006906585352,1367853.52,0.5187704038622833,0.07582453612848111,,-0.09639288897227825
172,0,24,830.0,25,25,False,18310.597337418018,3320.0,1907.426776461747,1451898.68,0.4845060336051973,0.08378849750273405,,-0.2174115340675885
173,0,24,1190.44,25,25,False,30959.792544842927,4761.76,2587.8976560022948,3127387.48,0.23879644006437262,0.07084073808453362,,-0.21140078740129845
174,0,3,817.6666666666666,3,4,True,17602.09284777131,3270.6666666666665,1436.5804617893407,1171130.6666666667,0.5073045315281899,0.08876543575020246,,-0.02162327906545882
175,0,14,844.2666666666667,15,15,True,18477.8969597312,3377.0666666666666,1390.0760646813972,1177689.3333333333,0.6550128384270371,0.10968330228225846,,-0.20994639858092443
176,0,19,1033.7368421052631,19,20,True,25061.16969722214,4134.9473684210525,3681.430669756942,3764502.3157894737,0.3750495117596206,0.09325920800407324,,-0.12413917856629456
177,0,14,917.6,15,15,True,20950.49301877022,3670.4,1837.62723011386,1677298.2,0.5534526532898579,0.10846249719980491,,-0.14587249375731737
178,0,24,930.72,25,25,False,21704.78328148786,3722.88,1457.7481421468024,1251816.32,0.544781899300812,0.0991373294944033,,-0.16605887210017828
179,0,24,1059.44,25,25,False,26083.984308672454,4237.76,1956.3735581781514,2038893.8,0.5070699135304498,0.10465891852207164,,-0.10811979368716354
180,0,21,1262.5454545454545,22,22,True,34429.8611535726,5050.181818181818,1880.0853985810302,2171037.6363636362,0.5104293889265971,0.09840219605673749,,-0.25795935472499937
181,0,24,798.2,25,25,False,17131.891984120473,3192.8,2570.9391437761014,1990739.8,0.41842504002639713,0.07544783286140447,,-0.09777192687349738
182,0,24,1112.16,25,25,False,28345.997707196293,4448.64,1309.4448370309144,1344399.48,0.5635987925099686,0.11924262799380685,,-0.14711630885480098
183,0,24,1030.84,25,25,False,25270.188832299646,4123.36,2491.3081825460004,2490879.16,0.277156017465166,0.08200944102122328,,-0.1925737102026833
184,0,24,1197.52,25,25,False,31199.043265144053,4790.08,1672.1057306843175,2003742.6,0.4882827152739302,0.08958710129275564,,-0.1492519309834989
185,0,15,845.8125,16,16,True,18557.184165739734,3383.25,2010.9907238244157,1690336.9375,0.5136076856864389,0.11497208177137669,,-0.0869281362539848
186,0,12,946.3076923076923,13,13,True,21982.85273825808,3785.230769230769,2380.016646311824,2238942.4615384615,0.42766864818674727,0.08241139976678856,,-0.1478131970806533
187,0,24,1453.56,25,25,False,42172.89842500351,5814.24,1898.779340081739,2648932.6,0.48190997614984327,0.10290210869075038,21.0,-0.40326660643495404
188,0,24,1487.92,25,25,False,43424.06318503854,5951.68,2825.3953717133595,4124107.52,0.45638910513349024,0.107678099135326,,-0.23457794180653938
189,0,24,1061.52,25,25,False,26146.69606348842,4246.08,2041.0066134167255,2138898.0,0.4857743903886263,0.10827763457352103,,-0.10406470854094972
190,0,24,873.32,25,25,False,19476.6116256375,3493.28,1484.7356692878932,1290657.48,0.42964700556212193,0.08672319056003205,,-0.0986353520511985
191,0,15,1051.875,16,16,True,25755.54940104031,4207.5,2428.9669466532837,2530372.3125,0.6198113721282541,0.13151715225952418,,-0.11413503308419036
192,0,20,1155.3333333333333,21,21,True,29709.09158748327,4621.333333333333,2438.190011047077,2781987.904761905,0.41127319245545396,0.09508541623914024,,-0.06883475315503737
193,0,24,1540.32,25,25,False,45795.2815566336,6161.28,2141.2938712716023,3251422.08,0.3733914499440263,0.10518385195887829,,-0.15860769292187088
194,0,24,899.32,25,25,False,20410.671532656568,3597.28,2971.0683788155065,2617651.72,0.3250482511716563,0.11855089556885998,,-0.08554929068609929
195,0,17,974.6111111111111,18,18,True,22942.491221063414,3898.4444444444443,2794.879025714853,2703483.277777778,0.4379698566767971,0.10955518753193795,,-0.12769209279621657
196,0,19,1042.1,20,20,True,25456.959888121586,4168.4,2915.307879802243,2978069.15,0.5603112228065403,0.14299869121422795,,-0.12417183624364427
197,0,19,873.4,20,20,True,19458.692991545824,3493.6,2416.744763817327,2104698.25,0.5779704307786082,0.12734345609385464,,-0.06604591054045762
198,0,24,1286.68,25,25,False,35037.66185098395,5146.72,2341.6946448942454,2935054.6,0.5120708662683233,0.09984395267225629,,-0.09643307124097121
199,0,17,1073.0555555555557,18,18,True,26622.592501583124,4292.222222222223,2356.2957089276847,2453955.1666666665,0.6437418177410191,0.13164371783611625,15.0,-0.3003212839667225
200,0,20,700.2380952380952,21,21,True,14072.53105481413,2800.9523809523807,2684.244106493906,1829310.2857142857,0.42727169691252326,0.09804479229999269,,-0.08222927483733947
201,0,17,967.5555555555555,18,18,True,22796.62497630221,3870.222222222222,2181.1276749425256,2052399.0555555555,0.7483227311795644,0.13546180599987154,15.0,-0.3197360976600433
202,0,17,931.0555555555555,18,18,True,21622.64637109659,3724.222222222222,2103.4215980277127,1893379.2777777778,0.5390595958454732,0.11952931602693154,,-0.11055936942680498
203,0,24,974.32,25,25,False,23035.18688071032,3897.28,2144.5729827165237,2029491.56,0.4703400242011759,0.10759436428652895,,-0.20845626674005022
204,0,24,890.36,25,25,False,20008.353108887888,3561.44,2932.547334946462,2615189.28,0.3871405344814972,0.09077926873977696,,-0.2209446173806782
205,0,18,603.0588235294117,17,19,True,11200.763666444489,2412.235294117647,2600.3167979674954,1574971.1176470588,0.3103009186507973,0.05325307368590457,,-0.20940639498712466
206,0,17,1000.1111111111111,18,18,True,23887.929318811246,4000.4444444444443,3545.7476156064126,3498507.611111111,0.3955836341532715,0.09378617305896565,,-0.12895915924163825
207,0,24,1104.92,25,25,False,27835.362668076443,4419.68,2455.610211615957,2662474.0,0.5204404065099557,0.10505225411054768,,-0.12592773362691045
208,0,24,1155.32,25,25,False,29778.617181243895,4621.28,1393.7045276373349,1582942.12,0.5313154605619788,0.10857201246145866,,-0.08966859378614847
209,0,23,957.8,20,24,True,22784.777737972287,3831.2,1712.0296905498021,1520887.95,0.3956068597988552,0.08416742037910649,,-0.24713017999305945
210,0,10,920.9090909090909,11,11,True,21093.69427749769,3683.6363636363635,3805.3834290542104,3462950.3636363638,0.5904023371164819,0.1179162714701119,,-0.12383997056083902
211,0,24,1437.84,25,25,False,41486.12611956106,5751.36,3082.518780801772,4327623.4,0.39076952752944727,0.08588478777788992,,-0.1677546721482469
212,0,17,934.5,18,18,True,21567.36305007704,3738.0,2272.0091661704314,2107067.3333333335,0.4217580788878995,0.08932407279117394,,-0.0664198401237165
213,0,24,955.28,25,25,False,22372.32648260046,3821.12,2178.760515258537,2039210.32,0.40945812098490025,0.09390795168512069,,-0.08087890870313681
214,0,17,873.8888888888889,18,18,True,19697.671501827936,3495.5555555555557,3036.846926219807,2517984.388888889,0.4397588739926228,0.09405040919368916,,-0.2513187373613074
215,0,19,1193.4,20,20,True,31174.383986990455,4773.6,4565.253225654265,5400500.95,0.23255884387435874,0.08485904434508086,,-0.11907904653942084
216,0,19,938.5,20,20,True,21775.005013971397,3754.0,2072.7118699591165,1893030.1,0.4590780640121787,0.07659159840127674,18.0,-0.3458628924020847
217,0,24,859.88,25,25,False,19033.64962651947,3439.52,3130.4888664558157,2675770.96,0.3884118710858877,0.10075836644962234,,-0.17362735635956753
218,0,24,1068.28,25,25,False,26381.633990585706,4273.12,2640.690869630265,2809647.96,0.36605509149536075,0.08534947203336049,,-0.2733033334371719
219,0,24,1056.92,25,25,False,26003.889223384558,4227.68,1873.9453036947657,1952659.4,0.3918249773587743,0.10335621568700679,,-0.1301090516222695
220,0,24,877.32,25,25,False,19689.71822707753,3509.28,2953.2451965302716,2515742.36,0.38669027277744084,0.08589825071450204,,-0.23525483975525532
221,0,24,1179.72,25,25,False,30602.892735241934,4718.88,2541.308743178817,2965137.68,0.5045349388866212,0.08677879736644517,,-0.12238730328602143
222,0,24,1111.72,25,25,False,28068.636909000008,4446.88,1571.4850385257469,1729719.96,0.49290852182513945,0.09290132798957629,,-0.12437725398987316
223,0,24,1133.92,25,25,False,28805.786878458228,4535.68,1728.0144439014246,1950391.88,0.5291266192554529,0.09118409360396144,,-0.11959936931399535
224,0,11,646.3333333333334,12,12,True,12379.773841878885,2585.3333333333335,2023.2661762288435,1301128.9166666667,0.882113996389181,0.2168091494757132,,-0.12991829061464147
225,0,18,532.2142857142857,14,19,True,9300.209115464142,2128.8571428571427,3236.8471926273232,1732723.642857143,0.23562453789680998,0.07169275301580794,,-0.22316983187347386
226,0,24,769.76,25,25,False,16084.433029917915,3079.04,4366.6941733877065,3342710.04,0.3548941526397467,0.08482663278192908,,-0.12922033599641905
227,0,24,1235.16,25,25,False,32808.12667363836,4940.64,1577.9489478841288,1921564.84,0.6402421675162364,0.1191433217177527,,-0.19329067692044477
228,0,21,1089.409090909091,22,22,True,27287.34418972725,4357.636363636364,2051.2793482762117,2183267.0,0.4424344480599302,0.10673476446016253,21.0,-0.36358339696284653
229,0,22,887.3333333333334,21,23,True,20167.092053910772,3549.3333333333335,3298.122160292848,2778923.714285714,0.23877227098296802,0.0692735561529121,,-0.17137356039869855
230,0,24,1110.68,25,25,False,28071.159081515005,4442.72,2082.6702890799434,2272307.48,0.3368512657149121,0.09187160988601838,,-0.12013920902247861
231,0,24,1494.84,25,25,False,43856.138591729046,5979.36,1541.265836275522,2221498.96,0.5174858536166491,0.10030239328399287,,-0.17239867729419928
232,0,10,1283.7272727272727,11,11,True,34873.46491166033,5134.909090909091,1973.6483048916264,2487405.4545454546,0.23426996234665687,0.055141631090997185,,-0.21511097651586913
233,0,24,1610.36,25,25,False,49042.84675261525,6441.44,2143.6618060173937,3373909.56,0.5444244775689496,0.1069789291523098,,-0.1155864157021749
234,0,24,1283.72,25,25,False,34862.2633138959,5134.88,2417.993604435562,3028703.52,0.535592216807483,0.09339878144135934,,-0.1335302922159079
235,0,16,1242.7058823529412,17,17,True,33105.07092041771,4970.823529411765,2360.830566395793,2880388.0588235296,0.8675672968564232,0.16249955988536338,,-0.21715296097639591
236,0,16,804.3529411764706,17,17,True,17215.63900077255,3217.4117647058824,1977.896475458551,1580200.4117647058,0.5738440489708972,0.13247163688019303,,-0.10402832935438472
237,0,6,744.5714285714286,7,7,True,15304.082700070805,2978.285714285714,2178.7644265199524,1620033.0,0.7560819413919522,0.17638729712831897,,-0.04153319724494441
238,0,19,797.0,19,20,True,17050.274219686962,3188.0,2007.5412744616988,1567058.3684210526,0.6473397191528435,0.11825383818559158,,-0.06040166209310094
239,0,24,1260.48,25,25,False,33735.0043418242,5041.92,2340.076337893626,2939852.6,0.4335659432138385,0.09664440573753966,,-0.09825165362654341
240,0,23,1094.5833333333333,24,24,True,27696.07851222834,4378.333333333333,2040.344781600933,2080762.5,0.45273256232154635,0.08529803467381258,,-0.23117832463427185
241,0,0,745.0,1,1,True,15296.716203099744,2980.0,3338.7275167785233,2487352.0,0.9629340054367809,0.17402202318571347,,
242,0,24,1021.36,25,25,False,24712.12877630023,4085.44,1936.5925361158963,1947839.88,0.5046664232810534,0.10550960975540548,,-0.09013854139955228
243,0,18,860.1052631578947,19,19,True,19184.92811650538,3440.4210526315787,2269.322308790976,1890650.6315789474,0.6077841000142714,0.12361232209854511,,-0.0983704876660811
244,0,1,642.0,2,2,True,12329.069271430897,2568.0,1494.4210427277208,957086.0,0.34331185399509295,0.08611682896730735,,-0.2220608123170206
245,0,20,812.952380952381,21,21,True,17491.938316391297,3251.809523809524,1881.2048527191273,1521874.761904762,0.5621622235660185,0.09269473126729585,,-0.10505469999212765
246,0,18,909.6315789473684,19,19,True,20726.243318954046,3638.5263157894738,2314.255222437879,2086279.0526315789,0.48816989726511417,0.07717593177600551,,-0.10619261900731766
247,0,24,675.375,24,25,False,13349.755265630063,2701.5,1252.2503195926129,835625.2916666666,0.5280350440505894,0.0788163236950712,2.0,-0.4130804130756673
248,0,16,1057.5882352941176,17,17,True,26040.957511346503,4230.35294117647,2780.246659775551,2883706.7647058824,0.3787041166014306,0.08126233746425221,,-0.2609490999030842
249,0,19,1311.45,20,20,True,35828.450645773286,5245.8,2206.8773838112893,2858330.0,0.465276363351803,0.10719996905943614,,-0.13322486515672838
250,0,1,894.0,2,2,True,20115.452876447656,3576.0,2563.403860219525,2300925.5,0.5784961921629492,0.10090925797193645,,0.3793832844204809
251,0,24,895.12,25,25,False,20224.569973805956,3580.48,2594.9850659344474,2305201.44,0.5476114401717616,0.10611282080945643,,-0.24155695477962222
252,0,24,1019.44,25,25,False,24520.41436816864,4077.76,2229.8850173686337,2267188.12,0.6712426488671936,0.11887859758628075,,-0.10281538915779714
253,0,24,1113.88,25,25,False,28298.288553771843,4455.52,1949.9327448528277,2096475.32,0.6708772785186444,0.13456915230401167,,-0.19936268059565498
254,0,18,934.6315789473684,19,19,True,21560.58682987502,3738.5263157894738,2805.840018052643,2602086.3157894737,0.6104210345799715,0.14609662922475133,,-0.26132302354824266
255,0,24,1312.52,25,25,False,36073.578476664516,5250.08,2110.767070504375,2721185.96,0.5336811398366215,0.10500394041659385,,-0.10612104788703858
256,0,24,1271.24,25,25,False,34378.113673440974,5084.96,1931.5026222479366,2396296.28,0.4226462517210934,0.1012011113303265,,-0.20717599627220973
257,0,24,1228.36,25,25,False,32574.846452062287,4913.44,1879.0571537580265,2276168.28,0.42978026933115077,0.11064736398981743,,-0.11246081949295098
258,0,12,874.9230769230769,13,13,True,19578.14865854962,3499.6923076923076,2568.4084335328303,2204354.5384615385,0.7022172822561091,0.14123543193763866,,-0.26306377366648603
259,0,19,732.95,20,20,True,15087.34799585344,2931.8,3840.5379541301663,2773784.15,0.27516449404838084,0.07981020932642764,,-0.19073506707159205
260,0,11,967.6666666666666,12,12,True,22686.495992082204,3870.6666666666665,1939.3975907233742,1869098.25,0.5937279190261766,0.1143743840322164,,-0.0869543292519557
261,0,24,1345.36,25,25,False,37282.00233229965,5381.44,2162.284377053521,2880331.96,0.38806766975152907,0.08411727273053259,,-0.13963952439915994
262,0,24,1220.52,25,25,False,32185.375521726717,4882.08,2578.96989430213,3107998.48,0.47192434619467144,0.1013196267462736,,-0.13119437168287232
263,0,24,1367.56,25,25,False,38342.14549237726,5470.24,2277.43226721579,3040450.88,0.5240585301199157,0.08555740785551484,,-0.13972876742153348
264,0,24,1004.64,25,25,False,24160.325724369482,4018.56,2769.606927981831,2700639.52,0.32274502594340915,0.07504481817434067,,-0.10866564439533914
265,0,24,1527.32,25,25,False,45054.743304536256,6109.28,3279.0153937996765,4964400.48,0.39337203431493906,0.07980998350134066,,-0.10914676345040288
266,0,18,1073.578947368421,19,19,True,26664.586428727736,4294.315789473684,2220.8594737813,2331422.1578947366,0.8064806244500299,0.17032153522828658,,-0.10229944165330866
267,0,24,965.08,25,25,False,22580.77694827839,3860.32,2903.301434800199,2791486.8,0.4738186220023561,0.10335401209944829,,-0.10391880680915042
268,0,24,1076.92,25,25,False,27226.0774779642,4307.68,2095.7078388325845,2088828.68,0.5399153132295451,0.1284090066366766,,-0.1172874788667144
269,0,24,793.9166666666666,24,25,False,16841.886341352303,3175.6666666666665,2239.5394812782406,1768786.2916666667,0.48494981051132124,0.1127157455581847,,-0.23023575282877853
270,0,24,1002.36,25,25,False,24004.666918115676,4009.44,2011.4809475718205,1975092.68,0.5114118243284629,0.08739988817315186,,-0.10443122800752755
271,0,24,1521.8,25,25,False,44871.512675433594,6087.2,2849.7420273483017,4276373.24,0.4146502157718251,0.09178200772773795,,-0.15720240784907585
272,0,14,1210.7333333333333,15,15,True,31880.17770765121,4842.933333333333,2073.958927440506,2443907.8666666667,0.5772279041909779,0.11530549853953863,,-0.20285484351934685
273,0,24,1131.48,25,25,False,28813.24394067138,4525.92,2581.0307156487056,2861672.52,0.4234823499364271,0.09691303382350686,,-0.13363549896817303
274,0,24,1139.92,25,25,False,29101.958374108668,4559.68,2411.5913983301143,2718460.76,0.46494034105506055,0.09605268623727962,,-0.11059846290331299
275,0,15,1002.25,16,16,True,24051.339910506016,4009.0,3614.213483129034,3618587.375,0.43362109101333784,0.15506134420025047,2.0,-0.35439840636791303
276,0,18,637.3846153846154,13,19,True,12332.216790710181,2549.5384615384614,1760.227446117412,1090947.7692307692,0.6678331675285469,0.148649627099796,1.0,-0.35627691871464817
277,0,12,1036.8333333333333,12,13,True,25536.262617619213,4147.333333333333,1840.0327076848328,1792442.4166666667,0.6347117626982436,0.12187797621782887,,-0.14241447410047814
278,0,24,1358.04,25,25,False,37902.83218266279,5432.16,2358.030179942434,3154276.24,0.44622578521728523,0.11395332105114146,,-0.11258557051763018
279,0,4,506.2,5,5,True,8652.436671185156,2024.8,1176.4889740252856,612938.8,0.45807029351060036,0.12049335289042103,2.0,-0.4822567898020474
280,0,24,1148.68,25,25,False,29622.57411047306,4594.72,1629.1860291352436,1815758.48,0.40582720974812053,0.10784613997976397,,-0.11493850881702047
281,0,6,1010.0,7,7,True,24241.13049818191,4040.0000000000005,4447.010927088212,4404332.0,0.7240039130808824,0.1589999723927602,,-0.12650345280998015
282,0,24,1218.24,25,25,False,32099.63823688517,4872.96,2186.024214276019,2645506.36,0.5197359016708568,0.10493949660782541,,-0.12284447388218482
283,0,24,900.08,25,25,False,20404.733460460826,3600.32,2506.0170286917714,2227666.72,0.45928525225719696,0.10371964383744951,,-0.131861622235503
284,0,24,1188.08,25,25,False,31197.04636204267,4752.32,2343.9661339019567,2657217.04,0.4113379633404178,0.08422849296697571,,-0.21613146210469822
285,0,24,1276.6,25,25,False,34518.43614149876,5106.4,2739.6790809444337,3443893.84,0.5248444280560394,0.10435936254531572,,-0.11749580518649756
286,0,2,1030.6666666666667,3,3,True,24911.954368042363,4122.666666666667,2128.603458639765,2182710.3333333335,0.5169930946374649,0.08803895470816975,,-0.10341496716305416
287,0,8,1077.4444444444443,9,9,True,26665.13367759476,4309.777777777777,1740.5520739866806,1855886.111111111,0.5217795440716767,0.09802973083273342,,-0.08475867492381794
288,0,11,833.0833333333334,12,12,True,18108.42515408945,3332.333333333334,2030.0063549792867,1692183.9166666667,0.7163612157248019,0.1335012419835204,,-0.08018263195716788
289,0,24,849.24,25,25,False,18778.142607027912,3396.96,1167.3849033933998,968470.72,0.496408798734977,0.10595436710233772,,-0.1176109771527241
290,0,24,1114.72,25,25,False,28199.713701349407,4458.88,2662.6918569607433,2863471.32,0.6270893703959752,0.14911931473837609,,-0.1420094845003207
291,0,24,1097.6,25,25,False,27714.537653200063,4390.4,1395.297803627641,1475995.4,0.5247184350756138,0.08942313160958193,,-0.12282322082213691
292,0,16,1751.8823529411766,17,17,True,55877.91887395305,7007.529411764706,1606.7323255984707,2629718.294117647,0.47352638368476696,0.07601466748661498,,-0.23698736550040014
293,0,24,994.64,25,25,False,24207.82212093965,3978.56,2016.6388897958368,1790556.28,0.6604346592351977,0.1401492558595317,17.0,-0.35323740634423867
294,0,13,573.3571428571429,14,14,True,10373.972781655582,2293.4285714285716,2423.0023430945594,1378343.4285714286,0.6419215507070483,0.17764934864515497,,-0.051796579498573636
295,0,24,1183.72,25,25,False,30750.98857108687,4734.88,2290.2173236912536,2685835.36,0.5487719635829539,0.0892262004565201,,-0.1656156973097356
296,0,14,629.7333333333333,15,15,True,11935.621219149858,2518.9333333333334,1952.4693557468747,1217929.8666666667,0.6347635426402866,0.14872920971991271,,-0.07083775287216777
297,0,24,850.84,25,25,False,18694.514125517006,3403.36,3165.902080143205,2679209.88,0.6378949080496849,0.13941232338352022,,-0.10503231558822355
298,0,24,1512.84,25,25,False,44531.37583152768,6051.36,2395.4245374062043,3513116.44,0.4622083640454435,0.1085470542178743,,-0.15793922473018143
299,0,24,1296.28,25,25,False,35321.81270051466,5185.12,2289.040491986276,2895126.68,0.5629829702641745,0.09907805895990475,,-0.1316196961516193
300,0,15,1067.5625,16,16,True,26525.53269990325,4270.25,1477.5017675067788,1522351.5625,0.6356276077223173,0.12609774302930749,,-0.18468033256366503
301,0,24,800.56,25,25,False,17201.557124016985,3202.24,1434.9738650655493,1144009.4,0.38341329957724957,0.06237060481919054,,-0.26158270931347327
302,0,17,1161.7222222222222,18,18,True,30197.585467422574,4646.888888888889,1879.930521869194,2077216.0555555555,0.5050208884297489,0.10500748392603347,,-0.26660668705435553
303,0,24,1575.68,25,25,False,47477.09053734029,6302.72,1915.5215624406515,2923634.84,0.48661495675976774,0.10437908791741762,,-0.24107340945117345
304,0,24,1113.7083333333333,24,25,False,29038.50629895342,4454.833333333333,1610.3579001934584,1561378.0416666667,0.7001821399562252,0.14081411455134069,,-0.2883478947029926
305,0,15,929.625,16,16,True,21337.83356069412,3718.5,3035.241225050352,2804255.375,0.45575092071998213,0.07660423481892989,,-0.10584649410661356
306,0,24,866.48,25,25,False,19312.823989836455,3465.92,2038.5728594696564,1739437.76,0.5349261735962874,0.09520729084154081,,-0.08139936143275939
307,0,19,982.3,20,20,True,23239.558041470267,3929.2,3250.99169692634,3173934.05,0.5270460957273879,0.12516611603237568,,-0.050047192295000334
308,0,24,939.96,25,25,False,21753.833565280405,3759.84,1746.9322535887095,1616603.92,0.6710154157158184,0.1306416679732384,,-0.10670589479315042
309,0,24,1104.52,25,25,False,27685.679986835945,4418.08,2407.3639441200103,2648104.88,0.5056359576910968,0.08714465104300835,,-0.11052824838295336
310,0,24,1801.56,25,25,False,57799.431806228924,7206.24,3062.911511546907,5476840.68,0.4510458869089228,0.09665563203698259,,-0.11575404049984547
311,0,24,1025.68,25,25,False,24961.88130846912,4102.72,1677.7863456182738,1649014.48,0.4606587736018568,0.09554870248291644,,-0.27397774705220235
312,0,20,809.3333333333334,21,21,True,17458.15458226507,3237.3333333333335,1844.0228379990704,1457232.0476190476,0.4029312370966097,0.07846495818443328,,-0.2860797605040884
313,0,1,1095.0,2,2,True,27257.647740272183,4380.0,1448.0260300250209,1584864.5,0.49247753503816055,0.08994707253595374,,0.2111076852676018
314,0,24,1162.6,25,25,False,30047.211069545992,4650.4,2079.3920377222294,2375297.64,0.38543815723830066,0.09574344588481733,,-0.16091106109029865
315,0,18,1004.9473684210526,19,19,True,24409.20375241631,4019.7894736842104,2827.722012415638,2903228.4210526315,0.4272823330485521,0.09403146972946425,8.0,-0.5211211494196734
316,0,14,961.8666666666667,15,15,True,22614.481497345,3847.4666666666667,2441.934749185816,2265470.2666666666,0.7104762245392713,0.1399506315642957,,-0.26994639002225007
317,0,2,995.3333333333334,3,3,True,23643.966291906592,3981.3333333333335,1614.8358946878088,1606191.0,0.4456047743365847,0.07233228402508445,,-0.1484850062869337
318,0,20,847.8,15,21,True,18779.464981754943,3391.2,2083.3558446753814,1818758.8,0.8134683486549855,0.2066180901476536,20.0,-0.9184184779310511
319,0,20,905.9047619047619,21,21,True,20666.79639808,3623.6190476190477,1650.3778928211568,1483213.142857143,0.37038226634401156,0.08171181435241721,,-0.07958940809738821
320,0,24,1169.72,25,25,False,30255.204634988997,4678.88,1209.5799581819501,1400560.6,0.5592867538401507,0.1007444174877705,,-0.13120117338481457
321,0,24,1138.76,25,25,False,28980.65141142584,4555.04,2550.6377414433473,2887231.68,0.5042590909251905,0.10811684030483874,,-0.10448032909080304
322,0,21,1186.2272727272727,22,22,True,30885.10987204105,4744.909090909091,2469.5853671744385,2899113.727272727,0.5420589252874075,0.09265310553342175,,-0.07668557700538188
323,0,19,1417.15,20,20,True,40576.72489500127,5668.6,3488.4893706187445,4779769.6,0.3874066428994991,0.11106961392001598,,-0.09711816939375219
324,0,24,1474.16,25,25,False,42968.888585543,5896.64,2210.772997336545,3200291.88,0.4272295766327822,0.08868531892518142,,-0.10750462976228137
325,0,24,971.6,25,25,False,22847.41186990698,3886.4,2769.094671502753,2670639.88,0.5084805185235706,0.10902677980032922,,-0.09198163690439479
326,0,10,750.6363636363636,11,11,True,15508.283816839325,3002.5454545454545,1759.4424488366917,1312736.7272727273,0.5290416627396486,0.10322257668295495,,-0.10903819433989048
327,0,24,741.64,25,25,False,15282.33908591039,2966.56,3155.5971631056177,2292946.68,0.3843353394622337,0.08787222053777512,,-0.09887228049943447
328,0,14,706.6666666666666,15,15,True,14234.254333441964,2826.6666666666665,1645.2796565863248,1141626.8666666667,0.7192641817108013,0.16671552101911577,,-0.26470223171064716
329,0,19,907.65,20,20,True,20841.35694653962,3630.6,1889.5967030925028,1667120.5,0.42606404856849756,0.09096850456553637,19.0,-0.3376666234914485
330,0,24,1123.4,25,25,False,28416.529582638777,4493.6,2208.3143231438457,2455250.88,0.6086683418495896,0.11553842699352153,,-0.12598223114912885
331,0,24,1276.76,25,25,False,34783.6167020348,5107.04,1417.0418242275844,1756619.36,0.5945901802156355,0.12280589111881249,15.0,-0.3196876852109457
332,0,24,876.6,25,25,False,19551.552185175406,3506.4,2672.161441902015,2336624.24,0.4841904444258032,0.09190003183743861,,-0.11565622035347442
333,0,24,948.08,25,25,False,22104.779707863916,3792.32,2029.4394015303894,1893889.16,0.5151126110262109,0.11008078112253444,,-0.08873867081374161
334,0,17,639.8888888888889,18,18,True,12266.880170906872,2559.5555555555557,3109.7211576237005,1978351.5555555555,0.2843928527659545,0.07899859221587784,,-0.18759900593590645
335,0,24,1379.4,25,25,False,38841.90362361263,5517.6,3248.867148673757,4318388.88,0.3771608767558899,0.08532095504123557,,-0.16213615406549792
336,0,24,1354.48,25,25,False,37532.71623385427,5417.92,2504.2143096831146,3385136.8,0.6121545073193545,0.12440703721002003,,-0.09877593263605902
337,0,17,1088.7222222222222,18,18,True,27180.49895581993,4354.888888888889,2284.278093802195,2427300.5,0.610559823457789,0.12666589234942835,17.0,-0.4200268657643228
338,0,13,735.3571428571429,14,14,True,15077.779177820219,2941.4285714285716,1409.2354419764051,1024359.9285714285,0.5894711373734973,0.11276770771760376,,-0.11421959146963442
339,0,18,1427.0526315789473,19,19,True,40887.02292095617,5708.210526315789,2147.6292520502175,2992152.210526316,0.6242091516715793,0.12678206552313198,,-0.20256022363604598
340,0,24,1027.6,25,25,False,25118.989684605076,4110.4,1392.7050129145357,1359535.52,0.6933017130422034,0.15098354560186847,,-0.19202550760893874
341,0,24,890.9333333333333,15,25,False,20312.83030149442,3563.733333333333,3366.8631558592597,2924990.1333333333,0.2935930959800446,0.08889876262690091,8.0,-0.3866198658059497
342,0,24,917.0,25,25,False,20959.419935448208,3668.0,1967.8559775430156,1776753.8,0.6183617547882304,0.12935327691742413,,-0.12826423489802305
343,0,24,421.8333333333333,24,25,False,6547.81175399909,1687.3333333333333,3134.96204268496,1321622.2083333333,0.22578641876769437,0.07080782050932895,,-0.1308666358394792
344,0,21,940.15,20,22,True,21923.407098084204,3760.6,2707.8099657787607,2563185.0,0.4531359736844995,0.0863078017092831,21.0,-0.9708100544497734
345,0,3,1030.75,4,4,True,25422.21797289587,4123.0,2430.430990013858,2549889.25,0.23441168362250536,0.06718793809144447,2.0,-0.4077786617794607
346,0,24,1196.0,24,25,False,31919.372609633516,4784.0,3309.3185275205265,3738890.875,0.42560687505124056,0.08546598623524826,,-0.19872625728149582
347,0,24,1266.92,25,25,False,34071.56747604361,5067.68,2535.37381623142,3200359.64,0.48321416276695645,0.08869894869380074,,-0.10908454536286463
348,0,11,493.25,12,12,True,8315.632536552394,1973.0,2414.953511958499,1146907.6666666667,0.76039678400495,0.18435401248423025,,-0.14550311067927374
349,0,24,974.32,25,25,False,23256.05263464236,3897.28,1562.52486516943,1429560.52,0.6781156127822999,0.1433343311789559,,-0.18631227870555064
350,0,19,1095.5,20,20,True,28051.219474165246,4382.0,1860.100526874352,1824687.15,0.5981747974360425,0.12186963981065939,,-0.20303852871241293
351,0,19,1155.75,20,20,True,29563.226282339823,4623.0,2677.8568687229254,3093956.65,0.5401645020969591,0.1141439587744073,,-0.08218185033485478
352,0,16,843.2941176470588,17,17,True,18534.648793897722,3373.176470588235,3097.780598148725,2580288.294117647,0.28709599878424596,0.08996453550921553,,-0.15005084678918723
353,0,24,1335.68,25,25,False,36924.79305940391,5342.72,3592.4142188470164,4719149.36,0.3562834136186149,0.10339374303940739,,-0.11070978432596279
354,0,24,1190.8,25,25,False,30943.745237885156,4763.2,2103.722055218575,2499944.84,0.5000191478292638,0.10047146195732737,,-0.12523041397865786
355,0,24,920.24,25,25,False,21128.86014477451,3680.96,1339.7464512801848,1221357.24,0.5564664352689622,0.1122653505383533,,-0.1371372811735326
356,0,24,798.68,25,25,False,17045.5707884285,3194.72,2536.5102352477475,2010410.56,0.37384582232996466,0.08855993729187013,,-0.12448406772819852
357,0,18,697.9230769230769,13,19,True,13938.845362424363,2791.6923076923076,1846.710535632068,1305365.4615384615,0.39427333650002766,0.08573305580563675,2.0,-0.4226958709133221
358,0,24,1936.56,25,25,False,64377.84923583571,7746.24,1845.087094987223,3554725.52,0.3803785003187856,0.06013464476386755,,-0.10968936305055232
359,0,17,1436.7222222222222,18,18,True,41742.269886262206,5746.888888888889,2365.689031093043,3173953.9444444445,0.49535541984053183,0.09139117534240997,,-0.19836171565156896
360,0,24,979.76,25,25,False,23208.26292051174,3919.04,1293.6709184303045,1251588.84,0.4785082115484463,0.09651080004469204,,-0.20621998422506388
361,0,24,854.0,25,25,False,18812.400442535938,3416.0,3790.0466414465955,3223145.84,0.39172207139377746,0.10008992399738677,,-0.18970572726325075
362,0,6,780.1428571428571,7,7,True,16415.060223269527,3120.5714285714284,2713.975277917015,2111810.1428571427,0.5791866172981331,0.11299286891742444,,-0.1074825719658118
363,0,24,1197.88,25,25,False,31227.75959566467,4791.52,3049.133424639983,3644392.36,0.5254660199725533,0.10356382412130788,,-0.11755980205178067
364,0,24,1071.44,25,25,False,26532.063213008172,4285.76,1691.4357133743645,1784706.96,0.5310716950251863,0.10222831569204181,,-0.12045347110609356
365,0,24,1080.08,25,25,False,26999.186650323638,4320.32,2302.138240526648,2424245.0,0.3036077628130011,0.09174542686044525,,-0.11171287775387725
366,0,17,1183.388888888889,18,18,True,30787.910081151567,4733.555555555556,2791.9317026594845,3242006.1666666665,0.5366365841959332,0.10815964170571957,,-0.2954864699608597
367,0,9,556.4,10,10,True,9920.618348295933,2225.6,1943.674962367455,1062189.8,0.6807621080088856,0.1730970604029076,,-0.15092678675188845
368,0,13,1357.142857142857,14,14,True,37739.018041321,5428.571428571428,4149.627692171319,5619840.071428572,0.2672688452354709,0.10250554349476627,,-0.2713119263855624
369,0,24,782.2,25,25,False,16917.19364353861,3128.8,2559.6005160069453,1920034.16,0.3892676762029389,0.07457348023604495,,-0.252170645250699
370,0,23,327.2,5,24,True,4469.891508393812,1308.8,263.4851460297199,84073.4,0.3396036175325428,0.045936484653465025,,-0.2815984057895013
371,1,22,1008.6363636363636,22,22,True,24361.90870195131,4034.5454545454545,1501.897577540407,1451291.2272727273,0.5430620275964954,0.12188871049998942,,-0.23765563007695406
372,1,14,594.3571428571429,14,14,True,11018.225559547514,2377.4285714285716,2985.6698018490747,1757416.5,0.3612839844136934,0.07477116315075459,,-0.25607710587297605
373,1,21,1326.5714285714287,7,21,True,36650.95563139984,5306.285714285715,2808.09300580192,3639843.4285714286,0.4016096838915539,0.08098094862707206,,-0.18741139329654935
374,1,24,864.9583333333334,24,24,False,19383.720644457797,3459.8333333333335,1599.4704884614378,1378070.0,0.37696254108423694,0.08415417150459581,,-0.2359124999535207
375,1,2,541.5,2,2,True,9505.201687229033,2166.0,3896.331045145331,2124852.5,0.14576907983553733,0.06364644343809447,,-0.2868127021701341
376,1,10,736.0,10,10,True,15059.815825688664,2944.0,4497.1730071049315,3312287.2,0.3174217704550125,0.10545193513016807,,-0.14275588652071117
377,1,16,713.6428571428571,14,16,True,14620.972807717533,2854.5714285714284,3305.195100416548,2280670.5,0.2587863093069281,0.08474474061527786,2.0,-0.30381740701053844
378,1,11,529.4545454545455,11,11,True,9302.381075441894,2117.818181818182,3983.208070848254,2106527.3636363638,0.5429262410518814,0.16582760698552285,11.0,-0.3017900413104392
379,1,17,486.3333333333333,9,17,True,8265.53046566786,1945.3333333333333,2560.2695025734647,1210040.0,0.31627040888715047,0.07703403692029148,2.0,-0.4394713756288529
380,1,22,436.8,5,22,True,7016.232210114123,1747.2,2694.775934211146,1223394.8,0.23273248277327624,0.07066114673963926,16.0,-0.47293044956471186
381,1,24,957.0833333333334,24,24,False,22332.905377020317,3828.3333333333335,3193.9861066186536,3025858.0833333335,0.29316968893873446,0.06711891094706708,,-0.2716770482129654
382,1,15,721.1428571428571,7,15,True,14574.726682085193,2884.5714285714284,2930.3382246287465,2116828.8571428573,0.3570457073012833,0.08623468813793633,10.0,-0.3216299010988672
383,1,5,529.3333333333334,3,5,True,9354.825939103379,2117.3333333333335,3166.3902563687975,1709043.3333333333,0.3481991141658478,0.09048224889630202,2.0,-0.4723050094611455
384,1,1,958.0,1,1,True,22305.50518990403,3832.0000000000005,2425.0417536534446,2323190.0,0.34755925003642346,0.041116667304853305,,
385,1,17,406.25,4,17,True,6210.3244654396485,1625.0,2829.4525888247526,1186271.75,0.22433131214632238,0.06354182104343117,10.0,-0.560955681024576
386,1,22,840.2307692307693,13,22,True,18592.675601336585,3360.923076923077,1721.8870998864356,1365078.0,0.45334866183251166,0.09461138068055532,22.0,-0.6861586258766549
387,2,24,860.0,23,23,False,19064.387070111487,3440.0,2576.688379078446,2182289.434782609,0.8292645427047188,0.1698872179318306,,-0.08629747811712919
388,2,24,964.7826086956521,23,23,False,22646.059596367384,3859.1304347826085,1736.8518559517265,1651657.347826087,0.41154168020383824,0.06966655677286882,,-0.11898576479856365
389,3,13,711.875,8,11,True,14614.601054809818,2847.5,3118.3981652278867,2110655.25,0.40620480229793554,0.07580575291675695,,-0.1405291173408517
390,5,24,949.2,20,20,False,23470.3547213846,3796.8,2510.4177563947624,2227361.3,0.16850002146406332,0.05366903445023796,,-0.2735575634985421
391,5,12,703.875,8,8,True,14051.795739124194,2815.5,1564.4046931526857,1100236.75,0.6388076345676866,0.10361183889860123,,-0.09348094861496276
399,19,19,570.0,1,1,True,10237.079683584658,2280.0,2233.8947368421054,1273320.0,0.24073944135356035,0.062014058071316214,,
403,22,22,766.0,1,1,True,15948.026723076837,3064.0000000000005,1839.4791122715405,1409041.0,0.2740010835703122,0.062301976626039646,,
