track_id,area,cv,nnrm,mean_edge_distance_norm,gaussian_sigma_norm,disappeared,predicted_prob,predicted_class
1,2.446227,0.8217012403671476,0.16715146290239868,1.6296550479268421,0.27479118155750865,True,0.691712024910198,True
2,3.8939939999999997,0.7121625753961546,0.1614121971304524,1.6809969765501247,0.32318733374388364,False,0.47808075275917294,False
3,3.51541125,0.6691292907853236,0.1380558036995725,1.4563418601428417,0.3237731404359732,False,0.5140909463529557,True
5,2.6708805,0.6954724982698067,0.14588462847002504,1.571813388708341,0.32910425292817613,False,0.5438115886763684,True
6,4.26425625,0.7581977815690452,0.14417253360560744,1.5632021824454496,0.29860803791695134,False,0.473744158578885,False
7,3.84823125,0.7407974067874458,0.14322541613076517,1.5650744343310028,0.3081520576592325,False,0.4805167710400124,False
8,6.0989265,0.5779611379777346,0.10490012951313982,1.474923857096379,0.35975533410006655,False,0.1858759797529676,False
9,3.5362125,0.803812887751623,0.17827365279942475,1.6196966562962762,0.3079163954160507,True,0.5765739496274884,True
10,3.19923225,0.7009861031061485,0.14509064663599203,1.5446859662860655,0.2963310967505721,True,0.5874101206678211,True
11,3.87319275,0.5495392508445403,0.11899465295884509,1.5864496592433495,0.35473350422169675,False,0.3481288601681195,False
12,3.3698025,0.5358672272904098,0.07244479157114242,1.499172446563087,0.3436098071888789,False,0.2947038974630617,False
13,3.29907825,0.31573968181930595,0.09592533946215687,1.5519612959349116,0.346289832552914,True,0.4378339974333282,False
14,2.9704185,0.44821337440473846,0.08773621320304181,1.608544791944488,0.3588080689795231,False,0.33882886326881406,False
15,4.68860175,0.5528498954658615,0.1231711066032129,1.5898964284081196,0.3451382141395262,True,0.3166667138596514,False
16,3.72342375,0.3950048038412787,0.06981968832767782,1.3853810206993542,0.3721673561706477,False,0.2809293309277981,False
17,4.2684165,0.44117489637101703,0.07231280167822296,1.6197602149764272,0.328560579904018,True,0.2616369346467286,False
18,3.00786075,0.5946919357933743,0.1203907142804771,1.548002765473986,0.30943554437607296,False,0.5361167157865077,True
19,4.9923,0.5713102263028965,0.09543665113841854,1.4165021960430206,0.34016407062772763,False,0.27624098962941324,False
20,3.06610425,0.350501517955029,0.07915665434967833,1.4977163007750602,0.3476740908405423,True,0.39604071960970577,False
21,4.3516215,0.586944552461436,0.11146169929208816,1.4083588457079255,0.3518675284814902,False,0.333238737558558,False
22,2.962098,0.46234835003560804,0.07009296953114319,1.2727145138431404,0.38932344225575344,False,0.29770652672668035,False
23,2.4379065,0.43825708454168133,0.10033224853864553,1.7456029953004142,0.3297923515448188,False,0.47206240042791364,False
24,3.411405,1.0109415062981428,0.22563006371646438,1.7015769595370998,0.24605798759198438,True,0.7728071153771501,True
25,5.4000045,0.5029103907668397,0.08647738762353702,1.5108057994402915,0.3455016255721112,False,0.218556108800076,False
26,4.38074325,0.680317975628071,0.13445953945496486,1.480200407191355,0.32359191701578716,True,0.41012013878835685,False
27,2.5627139999999997,0.5434277708930924,0.11429525684906289,1.5655788123963852,0.3347035658553768,False,0.49573073548781516,False
28,2.85809175,0.405669834873225,0.08715317737322814,1.5623718134278808,0.34098861292056737,False,0.42446527097712844,False
29,3.53205225,0.5334538535300283,0.11285605097912493,1.5672991550191573,0.35069654040895537,False,0.37456056238861457,False
30,3.2533155,0.5123884602594815,0.09496569900187124,1.452836681154002,0.3511523741607015,True,0.37074265356498276,False
31,5.1503895,0.5277657892939468,0.08551957995239612,1.475067872782272,0.36477783374829165,False,0.19226352077750467,False
32,3.2699564999999997,0.5342696422167368,0.09551016979200228,1.4794172380661665,0.3638719821185049,False,0.32811055856843013,False
33,3.7026225,0.6036105734020022,0.0852628273846599,1.4593283811530342,0.33577012623954056,True,0.30136270424241024,False
34,2.92465575,0.28909161526069943,0.03183089453423271,1.4497697067707065,0.35675838433312174,True,0.26160370827097784,False
35,2.8872135,0.34442570344916434,0.09607476628392608,1.1882724486949119,0.36930293660636326,True,0.49490506563777814,False
36,2.9204955,0.5278264581995832,0.10670749397547646,1.4441545569533099,0.33981330080078725,False,0.47159417133544634,False
37,2.81648925,0.5241691859781695,0.09674349885853678,1.6917131892770867,0.32396218478796507,False,0.4164727480056026,False
38,3.061944,1.0458098888842697,0.22470116059382245,1.8559205748969252,0.2565630017168035,True,0.7181508442630876,True
39,3.91479525,0.8976217236582321,0.20395762550958596,1.540426445722601,0.27361533189524945,True,0.7004075869790078,True
40,3.32403975,0.7808967023797907,0.17961404178643348,1.70475130403676,0.29554830864405673,True,0.6155483596436386,True
41,3.46548825,0.4742972330529657,0.07730905792201415,1.5201420786586994,0.339317104448223,False,0.3321622146968366,False
42,2.75824575,0.9053448502974781,0.22736637651867597,1.8006999431667414,0.2420700519797287,True,0.8285822529017243,True
43,3.1534695,0.9165405201831701,0.18286406715262354,1.7407301602540242,0.3003354764604382,True,0.5485076905501183,True
44,4.3849035,0.34450806773907977,0.06211995627219036,1.357881720458089,0.37506175461417063,True,0.22915146272806394,False
45,3.0037005,0.74608699929912,0.15179648738240697,1.4674948026705317,0.30992109661934747,False,0.6052045308402408,True
46,4.143609,0.3779918058257024,0.04222327988169969,1.5513594303119926,0.3455688657211517,True,0.19113385944186265,False
47,4.07288475,0.4770116914671356,0.07584272597444552,1.3205900036839608,0.392636291564021,False,0.22095060060699517,False
48,3.511251,0.361966894439971,0.0520471932537768,1.3108588906656324,0.4109198927678679,True,0.18345323605486424,False
49,2.7956879999999997,0.5395515070689736,0.10586929299069014,1.5772674280597034,0.3115455070958423,True,0.4997555957307793,False
50,3.85655175,0.512599884364254,0.07905050780327372,1.4060657486878632,0.3575819451597915,False,0.2828408019267997,False
51,3.760866,0.4939672529187453,0.11966926821687085,1.6240131291222175,0.34608633006855616,False,0.3955127892191258,False
52,4.16025,0.2786476047177586,0.042937482573887575,1.2516265953204324,0.4101468924104457,False,0.1829697959632153,False
53,3.228354,0.4950067599835754,0.10810156183623476,1.6051191177904154,0.33621898609934414,False,0.42666541651129986,False
54,4.68860175,0.5805393441009143,0.09516413748862201,1.533431176319671,0.3336299869974338,True,0.2635422729489688,False
55,3.3282,0.4363247558984139,0.05571873592082088,1.3797089264483742,0.356010101144224,False,0.28974900411141197,False
56,3.611097,0.6025279447621681,0.13446967315811442,1.647326399507123,0.3218289986569233,False,0.4670916184595659,False
57,3.228354,0.9367470515222539,0.20878539782905603,1.7048527885598017,0.26489620680766945,True,0.7246671338052769,True
58,4.3266599999999995,0.5932690443341492,0.14075673352460266,1.5486757187225,0.3307095384692707,False,0.4464627599912788,False
59,2.346381,0.540905514845702,0.17124998238237815,1.7103088429960633,0.27241988547789325,True,0.7929434200641086,True
60,3.5736547499999998,0.6441776282610168,0.14114210276650024,1.6675757821053256,0.333417148257871,False,0.4372064166186009,False
61,3.53205225,0.5842708040415184,0.10678674188268344,1.6157293208821322,0.3465018004711529,False,0.330505849573049,False
62,4.775967,0.561593883718487,0.09160625804236677,1.5569911919118078,0.33774870425157855,False,0.2508441305351232,False
63,3.1534695,0.3984364902765304,0.06460658099682015,1.410511878138047,0.3800563084879706,True,0.26650940726028155,False
64,2.0094007499999997,0.21329615298565335,0.051278740743130324,1.1237866272081818,0.42809518760545184,True,0.3120755122800314,False
65,4.8009284999999995,0.5252134999852621,0.09642686156879915,1.5088427048883954,0.34805261983385005,False,0.2648696193604483,False
66,3.49044975,1.2699413354083764,0.2392926289008499,1.7205384535627597,0.23454045603511134,False,0.7657776837326671,True
67,4.8050887499999995,0.5591907937489999,0.09735217861856316,1.5879452596173966,0.3373615824331397,False,0.2590269425737505,False
68,3.677661,0.8712909873947866,0.1962339743735947,1.7226843231218836,0.2983043624623169,True,0.5903660112440865,True
69,3.7858275,0.5740588396857951,0.11082801405191323,1.394796038666538,0.3420469958833048,False,0.40817686346330145,False
70,3.2366745,0.9206107400716188,0.2350512800682955,1.8108497003040875,0.2582732520338164,True,0.787425755771591,True
71,4.093686,0.40578187609791116,0.0775837416969461,1.3682360770766322,0.3976627744923245,False,0.22685800276180712,False
72,3.01618125,0.38687480599160395,0.05634684835738715,1.3403125976812416,0.35471506748143644,True,0.32906218772646245,False
73,4.875813,0.38452768730339276,0.08559073719597488,1.4569303486284275,0.37967165363176003,False,0.22763291047926548,False
74,3.20755275,1.0218783491974384,0.20327761934728628,1.4918285872752182,0.26683553495033946,True,0.7215257639467193,True
75,4.57211475,0.6538218914754521,0.11977504419217294,1.5455558793594153,0.32225578145813444,True,0.342670264736543,False
76,3.1160272499999997,0.42623718893419266,0.06042447911051496,1.4766358017037353,0.34120607176926454,False,0.3323670295994203,False
77,3.8107889999999998,0.5550635120221927,0.12706049029573185,1.5614052622320946,0.3539895782813429,False,0.3866059507697501,False
78,3.68182125,0.5844323174829702,0.13469174559506192,1.5150688580918512,0.33244262825378446,True,0.4777847311096797,False
79,3.29907825,0.4045688972520633,0.07134560935036788,1.5581434268442678,0.3512970865760019,True,0.30283294239853703,False
81,3.860712,0.30077890116553024,0.06254074167525936,1.4180984616598766,0.3586228458649583,False,0.31219316812356007,False
82,2.862252,0.6816731904444295,0.18000209385021876,1.7644566175705207,0.3092943876142991,False,0.6560460813553323,True
83,3.32403975,0.5461377357096421,0.09772777655044851,1.5351831999757752,0.3327243864182374,False,0.39067330258290045,False
84,3.13266825,0.5152995033055484,0.08992504313996535,1.6026334194587855,0.3483318605913093,False,0.33310700813360217,False
85,4.576275,0.32052009610602206,0.10327951991869111,1.414514641174031,0.3775138865848522,False,0.3417411732223707,False
86,2.99121975,0.7238189352521791,0.1357593956183984,1.6658359242479466,0.3119500372940905,True,0.4769300801113302,False
87,3.54869325,0.5504789338151755,0.10289435859910595,1.518821986451593,0.3552530527380582,False,0.33531513513941474,False
89,3.13266825,0.5736630153712977,0.10554036142975987,1.4618342003427454,0.2971029854829355,False,0.5565103180100547,True
90,3.6027765,0.7415566756298513,0.1646889386053471,1.6571709314188412,0.31586937313562546,True,0.5184066082754789,True
91,3.561174,0.4746125262785485,0.07293766273716829,1.3603844055140706,0.3379237115218029,False,0.3651089068873814,False
92,3.76502625,0.578516420030417,0.10497225155182505,1.580833583794579,0.33725387375751825,False,0.34289501685032525,False
93,3.561174,0.4833525945601169,0.08363712410859347,1.4837642546473075,0.3474454029946005,False,0.33081738455684656,False
94,2.6542395,0.5364967112717656,0.10124500514356205,1.6015931631855065,0.3266696135923981,False,0.4572531649467146,False
95,2.912175,0.6858786865814158,0.17530745078041277,1.683767282552663,0.3080377686906713,True,0.6449747767514379,True
96,4.16025,0.6528871020364342,0.12359040510884084,1.520913263621502,0.32186044423210086,False,0.4033737191507818,False
97,4.892454,0.4288796832509627,0.07989186192803727,1.5145349412551303,0.34882841356343164,False,0.24649553331523286,False
98,3.5861354999999997,0.989363700488023,0.23767994687590555,1.6913813545041743,0.2422954553872996,True,0.8079901295199801,True
99,3.44884725,0.9480384958840379,0.2096296617511259,1.8232875220079428,0.26884340171743154,True,0.6657823142017806,True
100,3.49044975,0.4892275721590836,0.10889700761666388,1.5761760444415112,0.34923945798153655,False,0.3853390449828143,False
101,3.3365205,0.401400862878054,0.05543519634671307,1.6168500861525452,0.34804256076530776,False,0.26011771395975325,False
102,3.28243725,0.7763293632251926,0.21145550810818936,1.8267793558416623,0.2818620218982752,True,0.7176171097842594,True
103,5.4665685,0.5383239632890411,0.10830136479121122,1.5834828526253932,0.3452397975066243,False,0.24318829930013375,False
104,3.012021,0.6910441083260727,0.1291011123098575,1.5781407714736992,0.3167618382159189,False,0.4898390103715227,False
105,2.4545475,0.8592360805351088,0.20059020595970323,1.7664941803913714,0.26584309941614837,True,0.7590593404164886,True
106,5.208633,0.45643160356423373,0.059569497159735696,1.3944510688269096,0.37511538723280974,False,0.15377247883176925,False
107,2.8705724999999997,0.36135869077975463,0.08141543044832888,1.476058122109,0.3519717769495763,False,0.4199750653502393,False
108,3.627738,0.5155858405993373,0.10391569198398093,1.5305135674505157,0.3633008020593175,False,0.3248188888908606,False
109,4.16025,0.8091212232193024,0.17422582456837948,1.6738845045792972,0.29540197957842934,True,0.5290669204242999,True
110,2.56687425,0.47202445559119827,0.12082614726899105,1.7012459272002385,0.3210539990088965,False,0.5542695425563661,True
111,3.90647475,0.2925409471283953,0.035387834755401304,1.4660080706308647,0.3882373880807638,True,0.15985624673242962,False
112,2.94129675,0.5176641754812474,0.08983863005131593,1.5405917943870344,0.33961156311329194,True,0.3763061988404993,False
113,4.2018525,0.42832409295771523,0.10371657159322234,1.5135989493657256,0.33889087474907786,True,0.3801957994531257,False
114,3.38228325,0.801279992891138,0.17454736013146133,1.6631049083537734,0.2917648561257337,True,0.6079826299467198,True
115,3.21587325,0.7112188587243403,0.1855458971775122,1.731427990981894,0.29027807022271973,True,0.6773081951689983,True
116,3.8024685,0.3123595412956461,0.07068677468665935,1.2103912315934366,0.4308567741210336,False,0.22909626623525764,False
117,2.462868,0.7839420564850393,0.16974821569432497,1.7366349815590918,0.2951764720947396,False,0.6471677883319049,True
118,3.48212925,0.8012125800005294,0.1859280585239207,1.7782126256958655,0.27928084413524873,False,0.6475314164931008,True
119,3.3448409999999997,0.6045427859850395,0.10404695581822354,1.4006974107234353,0.33953978950753516,False,0.40973785880245506,False
120,3.078585,0.7981682121715352,0.16845550558678646,1.7326183107909645,0.2773844632924948,False,0.6373227701950598,True
121,2.9038545,1.0086036361083373,0.2005433724200839,1.7137548343926237,0.26432031347096796,True,0.6904977606567152,True
122,3.960558,1.1777573976396252,0.24402190238682459,1.6747416064201501,0.23617897529424317,True,0.7554122277275729,True
123,3.3032385,0.8414387145983528,0.18082015856005018,1.7719025622113322,0.2907389192448396,True,0.584632547232642,True
124,5.4208057499999995,0.6613542313933933,0.11610839702460884,1.5828928419446084,0.31183560779764957,True,0.27673419858180176,False
125,4.3183394999999996,0.6425182365569124,0.1481300795180236,1.6442699159566454,0.3264334316563164,True,0.42280278147525985,False
126,3.0702645,0.9355867816831968,0.18155693515612897,1.5644617401632406,0.2879853743527909,False,0.6492590286463911,True
127,4.55547375,0.5467129301020529,0.09199169376903699,1.5739453275471293,0.34886944692960115,False,0.24198934765654478,False
128,3.8024685,0.314581983148797,0.041533945289349394,1.393777765708793,0.3791790382893485,True,0.2032402973497539,False
129,4.1020065,0.8376841433472382,0.15382168208841657,1.5535796884759454,0.31174827120139137,True,0.4365376814039537,False
130,1.99275975,0.2851018147888145,0.053033480545848666,1.3677604236898555,0.3540240616107034,False,0.460182444689911,False
131,3.78166725,0.5391222092417541,0.11863046202209993,1.5731557049092673,0.34170651883163233,True,0.39061118909391357,False
132,3.444687,0.7002291884228685,0.13257287335237217,1.654531235873219,0.3256192888032359,False,0.41585054688320305,False
133,5.4208057499999995,0.493904933125702,0.09729473885573042,1.5804299242693878,0.3460584002598007,False,0.23120250125568378,False
134,4.6428389999999995,0.5204141126555492,0.08922524302332524,1.523923308346762,0.3566265710499871,False,0.23432818632816224,False
135,4.576275,0.43043614946108444,0.08246843128435755,1.472714691992224,0.3616404657322492,True,0.2452489077653369,False
136,2.73328425,0.7025691551851454,0.11219588742356501,1.764872615646018,0.32812314275612825,False,0.36762406489904664,False
137,2.78320725,0.8466471925233252,0.16567444441918455,1.8583889248484367,0.29905741443832856,True,0.5066714825541708,True
138,4.8508515,0.6075330951217917,0.0758201616367471,1.4789848277950695,0.3769832471898585,False,0.1451907002307906,False
139,2.729124,0.8327871893147403,0.16695220794899918,1.6142165847378207,0.3245032893244949,True,0.5351792552937703,True
140,3.29907825,0.5740512988534561,0.15851513281570834,1.5665579394983125,0.31859988338295087,False,0.6285293695452853,True
141,3.644379,0.30419823420323006,0.05573712510801254,1.4444069332563614,0.3580172493948976,True,0.2863943868621706,False
142,3.44052675,0.5674969541016133,0.11562406896174421,1.5774937827321138,0.3432232922986529,False,0.39213570582315255,False
143,2.7915277499999998,0.9754949064385361,0.17234485567310542,1.420572423742416,0.3151083044820204,True,0.5589336663028387,True
144,2.2714965,0.5753150409160245,0.10637184900208402,1.5265537394277682,0.32518260278822786,True,0.5018532178473446,True
145,4.26425625,0.7046912565176432,0.14416844396854644,1.5991971078891185,0.3059102706758184,False,0.46449009168009453,False
146,2.412945,0.8668353610814103,0.2275944519577866,1.8704930974990153,0.25303141497477827,False,0.8415974483803915,True
147,3.86487225,0.645428289774359,0.1469239950003216,1.6310810358228027,0.31965922078984454,False,0.4832066038019994,False
148,2.9454569999999998,0.767536484893775,0.21916382156923514,1.762994424957278,0.2600792335390514,True,0.8175969772271808,True
149,3.38228325,0.7367476532146454,0.1417527097848228,1.7454389878294545,0.30095464634674673,True,0.4666603553513237,False
150,3.061944,0.7597540498374941,0.19665378205938433,1.7884747740834184,0.2946860109374318,True,0.6740768237597109,True
151,3.7442249999999997,0.6763040874654267,0.14051417023721846,1.692509538325423,0.29508141154470957,True,0.4980056014595521,False
152,3.2865975,0.511250863863835,0.12110649330338286,1.5676859064465172,0.310931307597444,False,0.5467188131980214,True
153,3.3864435,0.746224555726573,0.15672692338528593,1.4679956634734004,0.31248857145800735,True,0.5710057192329975,True
154,2.7707265,0.4452817788233408,0.12048921475493718,1.5726109796644847,0.33425633578693575,False,0.5489175177569684,True
155,2.379663,0.8099330401896959,0.15717991686206484,1.6099269495917017,0.29407574033655653,False,0.6405295350095387,True
156,3.7026225,0.8626690274557098,0.187014238758535,1.6661757322742328,0.2758731417644735,True,0.6393514463832444,True
157,3.95639775,1.1475681981817578,0.21296292308198123,1.7095473890985469,0.26134454187323225,True,0.5996158161433618,True
158,2.4878295,0.6144689101684903,0.11113906128852158,1.620703523875351,0.330076264823756,True,0.43899585425502347,False
159,2.7166432499999997,0.733751913189776,0.1567959467710438,1.4552551223407804,0.33815262552640696,False,0.5781609397756987,True
160,3.56533425,0.5815821817051862,0.1179922949696191,1.6258187328867195,0.3318766196791044,True,0.3953113322538719,False
161,3.3698025,0.6533318178447157,0.1599362131333063,1.6621298861874116,0.3136293827770203,False,0.5731903386488572,True
162,4.060404,0.6778922423449592,0.13252806946617296,1.4937664115641238,0.3300776071751579,False,0.41645332396217133,False
163,4.8009284999999995,0.8806741826729683,0.19125518838335265,1.7294740013451158,0.2730837448929986,True,0.5465676249673183,True
164,4.2517755,0.5784860343848435,0.11706305576959403,1.6235481562618577,0.33785675613153643,True,0.32771646808194804,False
165,3.09106575,0.32281027261649275,0.10099279326092425,1.6074308632900838,0.3401562586303787,True,0.46653847757344347,False
166,2.74160475,0.4475857953864813,0.0737451680126785,1.5382055531427308,0.343329009411615,False,0.3696841274744791,False
167,4.43066625,0.9343651170455703,0.21229508202141745,1.740939850586524,0.2739275303582779,True,0.6193525316386663,True
168,2.213253,0.5471642971058067,0.13070396376933285,1.6440800105669486,0.2979679113304066,False,0.6610249173055068,True
169,3.5029304999999997,0.4340473926601403,0.10235608403439245,1.443151828868181,0.3480387459282081,True,0.42414234197058315,False
170,3.5694945,0.5685167328440276,0.12639129949681538,1.6320511344896649,0.3078961665335775,True,0.49501581687067353,False
171,3.511251,0.3796692840207787,0.1469144724875575,1.5545846477079792,0.3457227121803594,True,0.5693657521958789,True
172,3.77334675,0.7304734018564542,0.1614666818874414,1.7463470675687007,0.2967456653653275,True,0.5234471392457638,True
173,2.2548555,0.882267955833844,0.18725141991773392,1.7222119117891357,0.3136143776847218,True,0.6126543928174852,True
174,4.30585875,0.46074629534667777,0.07385145560176032,1.500030081026291,0.35382326338918096,False,0.24493453523279227,False
175,4.92157575,0.2037914691815212,0.07394951294610147,1.0040838422285452,0.4856700773674365,False,0.16464600001386798,False
176,3.54869325,0.9468708622850315,0.2044477843022306,1.765865601956419,0.26347685039530644,False,0.686069506150349,True
177,2.412945,0.5569721138946779,0.09602628121829204,1.6350573388649574,0.33289110667808447,False,0.42300395132600044,False
179,2.99954025,0.664987252453895,0.09890219607376183,1.4927972913943786,0.29920308611440194,True,0.45156453195955065,False
180,3.910635,0.47251475702485635,0.11859555074382455,1.64625062788595,0.3258780738714329,True,0.42811330003276626,False
181,2.10924675,0.24989864929897768,0.1689554570187426,1.4917871088545527,0.2910361426492829,True,0.8780462485882282,True
182,3.54037275,0.6515568939521161,0.14772987478901278,1.646686012071828,0.32701894709697027,True,0.47650612700172634,False
183,1.9386765,0.2038186736241396,0.08332890188193542,1.497140107202524,0.3249955520635718,True,0.6169253690951562,True
184,2.89969425,0.72442321671399,0.14168238826893886,1.6504324344789871,0.30541452620918946,False,0.5378354008162597,True
185,3.8856735,0.6340766371468383,0.12440981286137792,1.7039147666375705,0.3365736214828905,True,0.3293822182743016,False
186,3.9023144999999997,0.6706159994407673,0.12781440732041727,1.4058734970704363,0.344494509614429,False,0.4050824358235926,False
187,3.910635,0.3604167485048025,0.09359125253825923,1.5396673298958774,0.3443889935097721,False,0.3860127714548374,False
188,4.1644102499999995,0.47515140371793113,0.12340155679706988,1.5320105834469833,0.35240113539066703,False,0.3980545918810287,False
189,3.178431,0.5904373823899767,0.1394652397079998,1.628948842074638,0.32295959760955983,True,0.5215581933242537,True
190,4.4015445,0.4747607408509072,0.08662831501465412,1.481848201903292,0.35227537694800337,False,0.27722013691877717,False
191,3.727584,0.5174334700658042,0.13828385512758384,1.4621697089935728,0.3700364748327531,True,0.4210658395921763,False
192,5.05470375,0.6185233899816189,0.11095553998748758,1.567304722513956,0.33935052324013576,False,0.26118735263010046,False
193,4.7510055,0.5415229665205048,0.11015487816183966,1.6043767931446293,0.33840305249094127,False,0.2996370716614159,False
194,3.727584,0.5413753581303642,0.11940906429987741,1.7011029370278017,0.312440282142193,False,0.44524638994477017,False
195,3.1160272499999997,0.5003313466872448,0.08403957876694934,1.547351311492597,0.3403793074209629,False,0.35713064379295445,False
196,3.8232697499999997,0.7768278002548176,0.16487686350849912,1.6818916609387198,0.30602467994898963,True,0.5052925400024869,True
197,4.181051249999999,0.5567020243725678,0.10501085728881693,1.5690835644055718,0.34988724872982857,True,0.29011667110391504,False
198,5.142069,0.3911454105286426,0.07406766825927857,1.5024130523909214,0.3631771328114542,False,0.20518677365213492,False
199,3.56533425,0.49138008872171346,0.08842026227985755,1.4862684028906652,0.36439428475222724,True,0.2939335802548748,False
200,3.98967975,0.6239950761659517,0.12138027656407174,1.621225418365424,0.34228274997998426,False,0.3374293949012451,False
201,2.98289925,0.2844720483131672,0.10564010109079519,1.105115713633832,0.4567366252341179,False,0.39115358150205426,False
202,3.211713,0.7978645792899667,0.1668344539007438,1.576324046816188,0.3525913026276071,True,0.4385173492069245,False
203,4.393224,0.6627573505635703,0.10859100305516001,1.4682282875836223,0.33924376430695685,False,0.30471757254489296,False
204,3.83991075,0.9050784239162374,0.186411067075751,1.5937159063177953,0.3400715651411148,True,0.4378497891490764,False
205,2.4711885,0.7059776939814418,0.2100180659219793,1.7892377303377855,0.2591750583152891,False,0.8526275568014186,True
206,3.38228325,0.8884896068603224,0.16722234473139558,1.6320352015804156,0.2765641862906965,True,0.5905159463440272,True
207,3.1534695,0.6412511129897829,0.1651963516918532,1.6283580037187897,0.32173786867648413,True,0.5931185718779208,True
208,3.93143625,0.464302052647179,0.06669593346592578,1.4180440437225312,0.38863176475603683,False,0.19688711620943913,False
209,3.25747575,0.3178118895085537,0.07585299492792619,1.2994654857501078,0.3809935456602678,False,0.36861152817631165,False
210,2.379663,0.4025974653025581,0.12503494703527263,1.510264242470827,0.3161728638272997,True,0.6650139882571685,True
211,3.56533425,0.795720957379534,0.21606868997678214,1.6847625213927133,0.24975619514585234,True,0.8051591914599406,True
212,4.077045,0.5525321895033439,0.12971791991806075,1.5755809867543524,0.3431190529322932,False,0.4017797643432839,False
213,3.1368285,0.28176562887159945,0.10347700844551477,1.5811012330904175,0.3274029555438178,False,0.5632419184309159,True
214,3.64021875,0.47308318640488733,0.10616935481117162,1.548833006011964,0.3454062711905588,True,0.38511260687117266,False
215,2.93297625,0.7897383748260145,0.14727484839486715,1.5862631387346449,0.32434362490666635,True,0.4802357390673547,False
216,5.32512,0.41542641691133786,0.11849538534735748,1.3903399312158853,0.3662617326366644,False,0.3371351334593509,False
217,3.77334675,0.7232173490773567,0.15131057563397704,1.5848552682780102,0.3294179826826579,True,0.45040104302920303,False
218,4.5180315,0.4399450211769824,0.08353017571434529,1.4426864264582455,0.3512895483987271,False,0.2874085550231265,False
219,3.6693405,0.5447163521126942,0.10882396839831643,1.5827662653963066,0.33041410227168916,True,0.3902964010340639,False
220,3.16595025,0.49967340998237586,0.14606549348572495,1.5169913908064405,0.3287864091501198,True,0.6034800706521081,True
221,3.22419375,0.4774725564893922,0.1062721243026099,1.3834106459398283,0.34702120835270434,False,0.47059103239114886,False
222,4.359942,0.28400400761970857,0.11373511024115224,1.488075924521994,0.33962643199408304,True,0.46180526406328676,False
223,3.3365205,0.5396559639006948,0.08477279515301572,1.5576954490898391,0.3437758344143515,True,0.30646373888835204,False
224,3.2366745,0.479232848032139,0.10254685843300293,1.5704598414865403,0.3517686821927837,False,0.3822355316468679,False
225,1.980279,0.33320270987472195,0.09298275298729397,1.114718449891264,0.35225291271366393,False,0.6972718664699823,True
226,3.67350075,0.4100478344947546,0.11409540057091139,1.4436233494973114,0.37065241374501195,False,0.41088962928255773,False
227,3.14930925,0.38589428290381156,0.10868893211763919,1.5685306193901405,0.35128804044763856,False,0.45806469875483163,False
228,4.143609,0.5830398091565975,0.10771866702252203,1.5431348252865724,0.3455531496293401,False,0.31356325749022407,False
229,3.68182125,0.6412875969181159,0.10588942627553455,1.4371871829991676,0.3392449980518635,False,0.3633711592402544,False
230,3.98967975,0.6179147321877184,0.0678892492965959,1.4491352933539188,0.3541445387518561,False,0.2078432773436589,False
231,2.579355,1.1140794652135673,0.25463362698883346,1.8915264587832374,0.23030196478256737,True,0.8378575319928072,True
232,4.13944875,0.7352927081732774,0.14326374040873124,1.7262942744164043,0.3084045943452264,False,0.41063792978067487,False
233,3.1201875,0.2798628380955841,0.09101183899011867,1.3195848886549275,0.37459780765468526,False,0.4649869120504304,False
234,2.1674902499999997,0.23825658929367252,0.07789645466362627,1.069937674720925,0.470940622282468,True,0.2497692200598116,False
235,3.8232697499999997,0.33582248812033005,0.030004332103028664,1.2267330567517658,0.40983866618529147,False,0.1613502887641813,False
236,2.9038545,1.1080740822275221,0.22285965659365142,1.7334934327872722,0.25332621833330204,False,0.7581608875397379,True
237,3.83991075,0.4173472584600531,0.09024400064594917,1.4065026936975118,0.3661956518582169,False,0.33547024125053443,False
238,3.9730387499999997,0.24451968488370132,0.034012284850155894,1.5117407566220062,0.34401835850530177,True,0.23074623009347672,False
239,3.83991075,0.7415637809045671,0.13327552093087747,1.6190273220187918,0.3319817681376298,False,0.3643133897120574,False
240,5.9325165,0.6778226662147516,0.14609243442776582,1.530717627977624,0.31828930749475326,False,0.3554193676228358,False
241,3.927276,0.5814601225642929,0.10273715728374078,1.428851613834385,0.3620754381953528,False,0.3052568257946248,False
242,4.6012365,0.9831152924965921,0.1922380368471811,1.7081608712483987,0.2816330835743933,True,0.4993782571776614,False
243,2.94129675,0.6527616606209933,0.16149536575837392,1.7633845988297563,0.2939925860830336,True,0.6234954425213248,True
244,3.15762975,0.9258641089584456,0.21403184219378069,1.8177121271258723,0.2541588333395196,True,0.743116816975064,True
245,3.14930925,0.7680793328871536,0.14264072430815278,1.6103229996273278,0.3019641732914933,True,0.5153171053228464,True
246,4.37242275,0.40024576211892865,0.06700354359223093,1.4589241559773243,0.3659596247377814,False,0.22868698146903607,False
248,3.927276,0.7486863939670582,0.13857513818056083,1.6059541435347235,0.3434104753856933,False,0.34793242324983,False
249,3.4987702499999997,0.5297917578211826,0.0991207720964502,1.5598919441978558,0.35159827911589986,False,0.33319213449726764,False
250,2.7915277499999998,0.8558520508372532,0.164545715254387,1.5461949584162136,0.2886667200495124,True,0.6324724072479524,True
252,3.08274525,0.6544681947316926,0.10591160970697916,1.487374638235178,0.3405675375644182,True,0.3716237894001887,False
253,3.1534695,0.5838379888028142,0.09935725451034388,1.4412387996802922,0.3467359068887296,True,0.3745451205579538,False
254,1.50185025,0.27669307883314503,0.05223905080956148,1.2350020980555632,0.3804769512096547,False,0.47393761678264473,False
255,3.69014175,0.4640624900223168,0.08110942788818648,1.6018679603338593,0.33600235488068303,True,0.30831669920631416,False
256,4.58043525,0.5442498730311446,0.11881220320305463,1.5606486106976667,0.33721643463042106,True,0.3438808444494993,False
258,3.4530075,0.5288957515067001,0.16542234978354659,1.6789643843446127,0.32497881604593337,False,0.6166795882131878,True
259,3.6194175,0.6294036643086215,0.10822411376259972,1.621886647309739,0.32163845012746894,False,0.3716180808681216,False
260,5.2502355,0.5048371638720558,0.09281896770516274,1.5984365399037974,0.3438109747935631,False,0.2255604687464225,False
261,3.760866,0.7670384475562396,0.19644652695443343,1.7493508893557748,0.2877798879526844,True,0.6512553811404282,True
262,3.5861354999999997,0.5882698267980199,0.23506522764719617,1.7478644443219138,0.26746963543101493,True,0.8552232845876726,True
263,4.27257675,0.44611193488478323,0.06848364517353628,1.486489886711909,0.3604004503901188,False,0.2275242656674674,False
264,4.28089725,0.49106828808696573,0.11392367110683022,1.4568211500099326,0.36450289388372253,False,0.3406112791829382,False
265,3.3490012499999997,0.8917792260234251,0.2033580128538366,1.7276483040252646,0.27182110406901583,True,0.6966759224251494,True
266,2.579355,0.37791793844231675,0.12766299514369378,1.6282930138521603,0.32755574803971954,True,0.6044098199103151,True
267,4.9839795,0.47452601656647314,0.04389017911944065,1.4766969095270572,0.36477721727732304,False,0.13215938481981826,False
268,3.9688784999999998,0.7526449129438681,0.1666687656454639,1.6455798517150984,0.32225115069998506,True,0.47581360069993706,False
269,4.22265375,0.5001448368119966,0.08019515963243412,1.3285691515204336,0.3970968205432384,False,0.20640386383936532,False
270,4.53883275,0.5269088963850366,0.060320532287766626,1.4458226373426228,0.3825311009927715,False,0.14562100088552812,False
271,3.54869325,0.413991981193329,0.10987390456053303,1.6376042741765966,0.31946554760633566,False,0.48785674945331103,False
272,4.5679545,0.7273790303061487,0.13180915420073352,1.5626823021824325,0.32165382848199,False,0.35695636517357493,False
273,3.82743,1.0796949819663686,0.22086747566311205,1.7834179329031261,0.25150052760169095,True,0.6734872370436168,True
274,3.677661,0.4672454447778889,0.08979499446148342,1.341248192774399,0.36686614415534646,False,0.34228847858327693,False
275,3.2616359999999998,0.7890257658555161,0.19261274332199324,1.7624220131997888,0.28464769768741877,False,0.6814034539233731,True
276,3.20755275,0.7293936043904727,0.16789316137407784,1.6929928127634628,0.3096342819604865,False,0.5804309084132858,True
277,3.544533,0.6263839731668616,0.118914046505743,1.6270132753895385,0.34052903184332906,False,0.36301503609683733,False
278,5.04638325,0.4430095303323365,0.10279742397191144,1.4971063230299027,0.3634734646987005,False,0.2685074057839672,False
279,1.880433,0.48569467869394434,0.10516291591750776,1.5971954811379672,0.29781829424522804,True,0.6185229212757517,True
280,4.47226875,0.6645610796445681,0.1324876080658156,1.6820641210953067,0.31871786379059996,True,0.3562529794850481,False
281,3.8107889999999998,0.4130407482285782,0.1096405631690403,1.580546165250587,0.35246663167686176,False,0.3903469636414125,False
282,3.78998775,0.5464943989162035,0.08681508031385005,1.4700190872382526,0.34447540074288935,False,0.31078076677379046,False
283,2.85809175,0.7983108753218973,0.16423180850441405,1.713731672043091,0.3147869819059738,False,0.5451940413559629,True
284,4.21433325,0.4678161313706938,0.09731876108810716,1.5725968184036974,0.36316771550261656,False,0.275138573580861,False
285,4.43066625,0.4833819623020261,0.10089172808712576,1.5095791140838581,0.3559330311275871,False,0.2983974282934265,False
286,4.4348265,0.2699220557117402,0.05514912026157648,1.3619392839932998,0.3516954963287265,True,0.2740423065553324,False
287,4.14776925,0.831204539465841,0.19525894577615271,1.7711865285284765,0.2690657945158223,True,0.6335075512104856,True
288,4.45562775,0.7249879787743854,0.12784460977824624,1.6279682179569912,0.3115220795042996,False,0.3603120307496988,False
289,2.13420825,0.4782420887702339,0.14829275797085711,1.2095101898119256,0.3156647041062012,True,0.7858489343716357,True
290,3.594456,0.3950019045717405,0.08306098569046699,1.521294664709995,0.3707552507462168,False,0.29638737706360846,False
291,4.40570475,0.6174173734216998,0.12357777141746529,1.5935369562475135,0.34747932774498735,False,0.31377746316895033,False
292,3.4862895,0.5851944294249927,0.1349377254387693,1.6563638960840474,0.32976575703308286,False,0.4624217392022421,False
293,4.443147,0.551094267688109,0.09333594194748424,1.3970434669223004,0.35615944768279445,False,0.2788317651398541,False
294,4.4681085,0.699182401741321,0.14863719968562988,1.5439336129980141,0.3233156706212747,False,0.43653901950402674,False
296,3.9647182499999998,0.7301138017000217,0.14293849508677525,1.6508159481751434,0.3157641217257444,True,0.4203586504857956,False
297,4.1186475,0.6190364708286082,0.11153278508642595,1.6059791642129937,0.3294725749654933,True,0.3288525546372859,False
298,2.895534,0.7046152381801047,0.14783806053321252,1.6527822975213453,0.30484641824386194,False,0.569762037976084,True
299,3.91479525,0.7835574703857096,0.18916606183783147,1.7454400857536123,0.29543206054556753,False,0.6022108425150619,True
300,3.5029304999999997,0.575150539674835,0.07786116029761125,1.554377389325209,0.35015906413010417,False,0.2582761954605401,False
301,3.86487225,0.5472719511994804,0.11161801355469853,1.560902635845839,0.36038945905264247,False,0.31889598390490975,False
302,6.60231675,0.40401672629383767,0.08492977675666591,1.4005379096812702,0.3933262864112855,True,0.10827728684328451,False
303,2.8539315,1.0286035027350737,0.24007571455852816,1.7756575057199822,0.25146998737249154,False,0.8208891760225135,True
304,2.2382144999999998,0.8920499652057123,0.22275838780121893,1.7783948789637989,0.25145131956254013,True,0.8346064242017598,True
305,4.2517755,0.615502732180294,0.11332863449393449,1.5539252883471468,0.3382648782538247,False,0.32553509658188334,False
306,2.3255797499999997,0.8386880375683476,0.19187314364280333,1.6662483964517303,0.28500622418733623,True,0.7333588007166618,True
307,3.128508,0.8372234527256548,0.17139238445113902,1.4017660843279203,0.31075463356211647,True,0.6191263336847377,True
308,5.32512,0.4989567698415338,0.10550680640457932,1.505191940685567,0.3515796124456384,False,0.2631259009762555,False
309,2.90801475,0.4528615753696672,0.07516799780139966,1.6121208524670498,0.34396027977867,False,0.33763786827213293,False
310,3.9855195,0.6247897854885766,0.11481697166207888,1.6162102180857238,0.3366741436963513,True,0.3249095162685342,False
311,3.4946099999999998,0.4691891731584053,0.08384538700188215,1.5987387692532435,0.33927478701214553,True,0.3213185127624947,False
312,3.311559,0.49015663531917936,0.08798121853853619,1.4838823759759356,0.3301776484427195,True,0.3971294584989475,False
313,5.17119075,0.49155522099452625,0.10971623851088763,1.5229789682185806,0.3489964167907301,False,0.28887452465296565,False
314,3.3365205,0.7969888981118424,0.15065771051043053,1.4900744206398258,0.30107332548291843,False,0.5703949270578235,True
315,3.5195715,0.6306713166800612,0.1502015362564572,1.7215453088130799,0.3002945373615688,True,0.5474579587804618,True
316,3.2033925,0.9957016275001404,0.1732161390817637,1.4379919339011091,0.301800714695988,False,0.5979811741515604,True
317,4.0188014999999995,0.5334890313551861,0.0705859589324069,1.4663004899035166,0.37339333879761244,False,0.19840550131276255,False
318,5.911715249999999,0.5083327702990289,0.09753763072721605,1.4564025670115655,0.36387537761733996,False,0.19502313887091038,False
319,3.611097,0.574287237988772,0.1006916265440903,1.6131169090439386,0.3362831475113072,False,0.33567917238718636,False
320,3.9355965,0.5902531099779004,0.11890401408101364,1.59335217769724,0.3511403546809949,True,0.3251164077658992,False
322,3.1160272499999997,0.4253461379170667,0.08945645127819674,1.4984248022282514,0.35627077755452025,True,0.37308087276928925,False
323,4.260096,0.34065505201637464,0.08459331312346363,1.3894230180886267,0.3877170452220491,True,0.2635340795177269,False
324,3.5694945,1.0172491175641303,0.20184915458238273,1.7526367680407315,0.26822797266916726,True,0.623012858781733,True
325,1.5725745,0.3030692370913947,0.08288149015993374,1.383717883204084,0.3323438436060566,True,0.6141577741958243,True
327,2.9870595,0.9704345703575947,0.22363469291581656,1.617050014831631,0.24123022875532366,True,0.826589252549776,True
328,3.2533155,0.4572764890221019,0.09751612403016702,1.5907559833943672,0.3554266004274573,True,0.34886139350165984,False
329,4.06456425,0.6807254630395764,0.10405720592922818,1.5511868797486859,0.32715151223742545,False,0.3121003720576514,False
330,4.0021605,0.5803955061754984,0.11218548938674822,1.6459712827604458,0.31853437085038866,False,0.37983884300317095,False
331,4.1519295,0.49066466544068266,0.06902339845552719,1.442440114878398,0.34536539296016056,False,0.2632461897274235,False
332,3.927276,0.693836835728327,0.1235755247422663,1.4867206792554317,0.32246217530501187,False,0.41202311129663494,False
333,3.3698025,0.5985108875859007,0.11264237215363154,1.603044361392877,0.3280280586539179,False,0.4067335708728297,False
334,2.962098,0.6463491205378737,0.12942434012173304,1.6112592605757816,0.31344919755122325,True,0.5082794260739729,True
335,2.68336125,0.43282333558040476,0.11648948204672188,1.5557232698418746,0.348840832014832,False,0.5118274375360196,True
336,3.12434775,0.930113724724357,0.19686657400503604,1.7925140392446894,0.2703834629503724,False,0.6735493630159418,True
337,2.58351525,0.9831628922897888,0.21121657660433923,1.8160638792335906,0.26113651917523373,True,0.73313185906472,True
338,3.17427075,0.5408044073130283,0.07328858741393485,1.4681430416673005,0.33570626161908523,True,0.3213956917849861,False
339,4.043763,0.8813027917798776,0.16116027685738904,1.500726293651767,0.33530311500446724,False,0.41513245697740164,False
340,3.4862895,0.631850130466913,0.1254880810581413,1.6690272800217876,0.3032016716552851,False,0.4779047813249272,False
341,3.4030845,0.5869518730909595,0.11848925694731083,1.6236541938723383,0.3345940753698623,False,0.4057855305804994,False
342,2.7374445,0.5070284907861201,0.09801941781921214,1.5253174484772964,0.34574685396068927,True,0.41325772669514965,False
343,2.5377525,0.3799114345984777,0.07667591984004263,1.4681583106448233,0.34283256427787007,True,0.434285832044174,False
344,4.6012365,0.4941154329837201,0.1195600987387771,1.5756373935691137,0.34355408934585346,False,0.35530572672375155,False
345,3.8939939999999997,0.7405312325628333,0.15276951636640645,1.6636344221324442,0.32399792268366345,True,0.4272810772887466,False
346,4.36410225,0.6516988281397198,0.1275706975918079,1.6347656254542013,0.3232193490329122,False,0.36431301059602916,False
347,2.74160475,0.8624628130791083,0.17980474704534566,1.5478147509400368,0.28926299214031115,True,0.6814729547943025,True
348,5.2793572499999994,0.7414301784770139,0.1432303026762276,1.5367819837246006,0.3220574196319023,True,0.3278403584568922,False
349,3.3032385,0.9350414111548548,0.21307113926154592,1.7848841737826506,0.26178823180563615,False,0.7322691404648745,True
351,3.28243725,0.9829266579381851,0.21690268810518187,1.8074475410093156,0.2665214434042533,False,0.7108272135137059,True
352,1.6308179999999999,0.26516439894334315,0.09925897116342486,1.1693133970607257,0.4679757496050019,False,0.4455722950307341,False
353,3.2865975,0.5208668301398354,0.0941661247624444,1.500754969447577,0.3431331047969701,True,0.36926308783231443,False
354,1.99275975,1.0112649078686637,0.25317308222694246,1.6992249356599778,0.2314578838386526,True,0.9031466329832826,True
355,3.5861354999999997,0.7652716911078731,0.175908564137789,1.7254840070646935,0.30892836090839326,True,0.5448341484289501,True
356,5.4998505,0.7577349780718432,0.15699417367579377,1.5965010177432606,0.3052501783796998,False,0.4006770432819922,False
357,2.04268275,0.7717123119079237,0.1881033041831896,1.7522105481584511,0.26976547323724875,True,0.7742394743749835,True
358,4.7010825,0.4301232707563103,0.09392312030684302,1.5009154540663894,0.36038454441190976,False,0.27406942384823585,False
359,3.35732175,0.5767627623387681,0.12373973946290678,1.6350863733948535,0.3445416281319087,False,0.40301448549037133,False
360,4.7510055,0.6688939243861776,0.1429386625149871,1.6199224009072926,0.32619065120287755,True,0.36729592943842254,False
361,3.29075775,0.3865725479998108,0.09496348460807119,1.4740708889816707,0.360061313995185,True,0.393138285003737,False
362,4.293378,0.3617534096309285,0.11313470805092518,1.4707115518236948,0.37484481200401615,False,0.3663729660982911,False
363,4.67196075,0.5634028410084381,0.1206951097458907,1.579671101630143,0.32767046698176966,False,0.36349117678324555,False
364,6.069804749999999,0.3277227848486663,0.06490966103135565,1.2496923968509774,0.40715573404946026,False,0.139859889977101,False
365,2.695842,0.43581631640553303,0.10360447892425201,1.690832322550095,0.31648128594417013,False,0.5158785740214292,True
366,3.8191094999999997,0.6834075537276726,0.14885147801111998,1.6019946997810905,0.3338625997915866,True,0.43853458391290895,False
367,3.30739875,0.5082897564207878,0.07109125151425377,1.5875409660145807,0.3397489523433592,False,0.29184465354107636,False
368,3.2616359999999998,0.7247411880591018,0.12422247506166162,1.6081745145063926,0.31129124798939606,False,0.4439687442582418,False
369,3.35732175,0.6145260605131646,0.1008975456845187,1.5811904597151243,0.32624469377268955,False,0.37291648908802133,False
370,3.08274525,0.26674465779183865,0.0768503758677922,1.397995234758985,0.3576669258152474,False,0.44357963344485524,False
371,3.611097,0.3945433660678118,0.06100428676865882,1.3684555766265183,0.35032037927581566,False,0.32099228710699484,False
372,4.26425625,0.6053042926641259,0.1264609411389332,1.54585068042576,0.34480031988818244,True,0.3512921293444861,False
373,1.2563955,0.26842220089641144,0.04404197117749942,1.0380446358437945,0.5343728836622982,True,0.06690301563878841,False
374,3.927276,0.7651472113257316,0.13470749121278264,1.5260449482277105,0.32980055144499126,False,0.3861393535805836,False
375,2.5627139999999997,0.39189283346574083,0.08609885630610026,1.536434200956429,0.33115455948562483,False,0.48865990407304266,False
376,2.962098,0.7121357370241513,0.14098669539451547,1.425122189840871,0.3061523037972214,True,0.5913690892574355,True
377,4.42234575,0.5317452638674457,0.07955800263524454,1.4244623273071837,0.3494949316615636,False,0.2564507136509165,False
378,4.73852475,0.31659698645929046,0.10454218362783912,1.5516363629298964,0.34621504413156845,True,0.35117037450710065,False
